prepconfig,EN_ONLY,COM_STR,SPLIT,SPLIT_REPR,TABS_NEWLINES,vocabsize,n_tokens,>=2(vocab),>=2(-n_tokens),>=2(-n_tokens%),>=3(vocab),>=3(-n_tokens),>=3(-n_tokens%),>=4(vocab),>=4(-n_tokens),>=4(-n_tokens%),>=5(vocab),>=5(-n_tokens),>=5(-n_tokens%),>=10(vocab),>=10(-n_tokens),>=10(-n_tokens%),>=15(vocab),>=15(-n_tokens),>=15(-n_tokens%),>=20(vocab),>=20(-n_tokens),>=20(-n_tokens%),>=25(vocab),>=25(-n_tokens),>=25(-n_tokens%),>=30(vocab),>=30(-n_tokens),>=30(-n_tokens%),>=35(vocab),>=35(-n_tokens),>=35(-n_tokens%),>=40(vocab),>=40(-n_tokens),>=40(-n_tokens%),>=45(vocab),>=45(-n_tokens),>=45(-n_tokens%),>=50(vocab),>=50(-n_tokens),>=50(-n_tokens%),>=55(vocab),>=55(-n_tokens),>=55(-n_tokens%),>=60(vocab),>=60(-n_tokens),>=60(-n_tokens%),>=65(vocab),>=65(-n_tokens),>=65(-n_tokens%),>=70(vocab),>=70(-n_tokens),>=70(-n_tokens%),>=75(vocab),>=75(-n_tokens),>=75(-n_tokens%),>=80(vocab),>=80(-n_tokens),>=80(-n_tokens%),>=85(vocab),>=85(-n_tokens),>=85(-n_tokens%),>=90(vocab),>=90(-n_tokens),>=90(-n_tokens%),>=95(vocab),>=95(-n_tokens),>=95(-n_tokens%),>=100(vocab),>=100(-n_tokens),>=100(-n_tokens%),>=150(vocab),>=150(-n_tokens),>=150(-n_tokens%),>=200(vocab),>=200(-n_tokens),>=200(-n_tokens%),>=300(vocab),>=300(-n_tokens),>=300(-n_tokens%),>=400(vocab),>=400(-n_tokens),>=400(-n_tokens%),>=500(vocab),>=500(-n_tokens),>=500(-n_tokens%),>=1000(vocab),>=1000(-n_tokens),>=1000(-n_tokens%)
00000,multilang,strings+comments,NO_splitting,separators,tabs+newlines,7154550,1882864438,5472866,1681684,0.089,4177375,4272666,0.227,3426366,6525693,0.347,2822510,8941117,0.475,1550059,17254072,0.917,1068013,22882227,1.216,823409,26974121,1.433,667280,30381762,1.614,567090,33072700,1.757,490360,35515579,1.887,434473,37576887,1.997,387347,39549798,2.102,349091,41345723,2.197,316362,43045620,2.287,290402,44522252,2.366,267131,45963847,2.442,248061,47240080,2.510,231325,48443687,2.574,217238,49527575,2.632,204399,50579037,2.688,193883,51493445,2.736,184005,52401365,2.784,174911,53282906,2.831,119088,60040543,3.190,91316,64817249,3.444,63704,71526334,3.801,49324,76487829,4.064,40604,80374242,4.271,22749,92791639,4.931
00001,multilang,strings+comments,NO_splitting,separators,NO_tabs+NO_newlines,7154548,1414845564,5472864,1681684,0.119,4177373,4272666,0.302,3426364,6525693,0.462,2822508,8941117,0.632,1550057,17254072,1.220,1068011,22882227,1.618,823407,26974121,1.908,667278,30381762,2.149,567088,33072700,2.339,490358,35515579,2.512,434471,37576887,2.658,387345,39549798,2.797,349089,41345723,2.924,316360,43045620,3.044,290400,44522252,3.149,267129,45963847,3.251,248059,47240080,3.341,231323,48443687,3.426,217236,49527575,3.503,204397,50579037,3.577,193881,51493445,3.642,184003,52401365,3.706,174909,53282906,3.768,119086,60040543,4.246,91314,64817249,4.584,63702,71526334,5.059,49322,76487829,5.410,40602,80374242,5.685,22747,92791639,6.563
00010,multilang,strings+comments,NO_splitting,boundaries,tabs+newlines,7154550,1882864438,5472866,1681684,0.089,4177375,4272666,0.227,3426366,6525693,0.347,2822510,8941117,0.475,1550059,17254072,0.917,1068013,22882227,1.216,823409,26974121,1.433,667280,30381762,1.614,567090,33072700,1.757,490360,35515579,1.887,434473,37576887,1.997,387347,39549798,2.102,349091,41345723,2.197,316362,43045620,2.287,290402,44522252,2.366,267131,45963847,2.442,248061,47240080,2.510,231325,48443687,2.574,217238,49527575,2.632,204399,50579037,2.688,193883,51493445,2.736,184005,52401365,2.784,174911,53282906,2.831,119088,60040543,3.190,91316,64817249,3.444,63704,71526334,3.801,49324,76487829,4.064,40604,80374242,4.271,22749,92791639,4.931
00011,multilang,strings+comments,NO_splitting,boundaries,NO_tabs+NO_newlines,7154548,1414845564,5472864,1681684,0.119,4177373,4272666,0.302,3426364,6525693,0.462,2822508,8941117,0.632,1550057,17254072,1.220,1068011,22882227,1.618,823407,26974121,1.908,667278,30381762,2.149,567088,33072700,2.339,490358,35515579,2.512,434471,37576887,2.658,387345,39549798,2.797,349089,41345723,2.924,316360,43045620,3.044,290400,44522252,3.149,267129,45963847,3.251,248059,47240080,3.341,231323,48443687,3.426,217236,49527575,3.503,204397,50579037,3.577,193881,51493445,3.642,184003,52401365,3.706,174909,53282906,3.768,119086,60040543,4.246,91314,64817249,4.584,63702,71526334,5.059,49322,76487829,5.410,40602,80374242,5.685,22747,92791639,6.563
00100,multilang,strings+comments,camel+underscore,separators,tabs+newlines,1236045,2369056614,735979,500066,0.021,521584,928856,0.039,436887,1182947,0.050,371631,1443971,0.061,218025,2435395,0.103,164697,3061471,0.129,135862,3544953,0.150,119188,3909179,0.165,108124,4206515,0.178,99686,4475517,0.189,93200,4714757,0.199,87498,4953802,0.209,82248,5200314,0.220,77521,5445854,0.230,73498,5674957,0.240,69936,5895513,0.249,66953,6095279,0.258,63938,6312082,0.267,61554,6495445,0.275,59264,6683154,0.282,57282,6855563,0.290,55414,7027367,0.297,53669,7196555,0.304,41440,8684509,0.367,34947,9800351,0.414,28287,11421202,0.483,24374,12776419,0.540,21853,13904363,0.588,15389,18476699,0.781
00101,multilang,strings+comments,camel+underscore,separators,NO_tabs+NO_newlines,1236043,1901037740,735977,500066,0.026,521582,928856,0.049,436885,1182947,0.062,371629,1443971,0.076,218023,2435395,0.128,164695,3061471,0.161,135860,3544953,0.187,119186,3909179,0.206,108122,4206515,0.222,99684,4475517,0.236,93198,4714757,0.248,87496,4953802,0.261,82246,5200314,0.274,77519,5445854,0.287,73496,5674957,0.299,69934,5895513,0.311,66951,6095279,0.321,63936,6312082,0.333,61552,6495445,0.342,59262,6683154,0.352,57280,6855563,0.361,55412,7027367,0.370,53667,7196555,0.379,41438,8684509,0.458,34945,9800351,0.516,28285,11421202,0.602,24372,12776419,0.673,21851,13904363,0.733,15387,18476699,0.974
00110,multilang,strings+comments,camel+underscore,boundaries,tabs+newlines,1236045,2637869610,735979,500066,0.019,521584,928856,0.035,436887,1182947,0.045,371632,1443967,0.055,218026,2435391,0.092,164698,3061467,0.116,135863,3544949,0.135,119189,3909175,0.148,108125,4206511,0.160,99687,4475513,0.170,93201,4714753,0.179,87499,4953798,0.188,82249,5200310,0.197,77522,5445850,0.207,73499,5674953,0.215,69937,5895509,0.224,66954,6095275,0.231,63939,6312078,0.240,61555,6495441,0.247,59265,6683150,0.254,57283,6855559,0.260,55415,7027363,0.267,53670,7196551,0.273,41441,8684505,0.330,34948,9800347,0.372,28288,11421198,0.433,24375,12776415,0.485,21854,13904359,0.528,15390,18476695,0.701
00111,multilang,strings+comments,camel+underscore,boundaries,NO_tabs+NO_newlines,1236043,2169850736,735977,500066,0.023,521582,928856,0.043,436885,1182947,0.055,371630,1443967,0.067,218024,2435391,0.112,164696,3061467,0.141,135861,3544949,0.164,119187,3909175,0.180,108123,4206511,0.194,99685,4475513,0.207,93199,4714753,0.218,87497,4953798,0.229,82247,5200310,0.240,77520,5445850,0.251,73497,5674953,0.262,69935,5895509,0.272,66952,6095275,0.281,63937,6312078,0.291,61553,6495441,0.300,59263,6683150,0.308,57281,6855559,0.316,55413,7027363,0.324,53668,7196551,0.332,41439,8684505,0.401,34946,9800347,0.452,28286,11421198,0.527,24373,12776415,0.590,21852,13904359,0.642,15388,18476695,0.853
00200,multilang,strings+comments,camel+underscore+numbers,separators,tabs+newlines,784560,2445276488,497406,287154,0.012,373928,534110,0.022,315119,710537,0.029,269811,891769,0.037,179781,1486215,0.061,143164,1915954,0.078,121695,2278278,0.093,107777,2582362,0.106,97904,2847866,0.117,90042,3098664,0.127,83595,3336551,0.137,77949,3573236,0.146,73176,3797257,0.155,69001,4014032,0.164,65261,4227112,0.173,61941,4432853,0.182,59150,4619671,0.189,56395,4817792,0.197,54265,4981585,0.204,52286,5143742,0.211,50567,5293229,0.217,48974,5439715,0.223,47505,5582090,0.229,37830,6755547,0.277,32553,7663338,0.314,26784,9068425,0.371,23188,10315308,0.422,20793,11387362,0.466,14361,15924285,0.652
00201,multilang,strings+comments,camel+underscore+numbers,separators,NO_tabs+NO_newlines,784558,1977257614,497404,287154,0.015,373926,534110,0.027,315117,710537,0.036,269809,891769,0.045,179779,1486215,0.075,143162,1915954,0.097,121693,2278278,0.115,107775,2582362,0.131,97902,2847866,0.144,90040,3098664,0.157,83593,3336551,0.169,77947,3573236,0.181,73174,3797257,0.192,68999,4014032,0.203,65259,4227112,0.214,61939,4432853,0.225,59148,4619671,0.234,56393,4817792,0.244,54263,4981585,0.252,52284,5143742,0.261,50565,5293229,0.268,48972,5439715,0.276,47503,5582090,0.283,37828,6755547,0.342,32551,7663338,0.388,26782,9068425,0.459,23186,10315308,0.523,20791,11387362,0.577,14359,15924285,0.807
00210,multilang,strings+comments,camel+underscore+numbers,boundaries,tabs+newlines,784560,2703520049,497406,287154,0.011,373928,534110,0.020,315119,710537,0.026,269812,891765,0.033,179782,1486211,0.055,143165,1915950,0.071,121696,2278274,0.084,107778,2582358,0.096,97905,2847862,0.105,90043,3098660,0.115,83595,3336583,0.124,77949,3573268,0.132,73176,3797289,0.141,69001,4014064,0.149,65261,4227144,0.157,61941,4432885,0.164,59150,4619703,0.171,56395,4817824,0.178,54265,4981617,0.184,52286,5143774,0.190,50567,5293261,0.196,48974,5439747,0.201,47505,5582122,0.207,37830,6755579,0.250,32553,7663370,0.284,26784,9068457,0.336,23188,10315340,0.382,20793,11387394,0.422,14361,15924317,0.590
00211,multilang,strings+comments,camel+underscore+numbers,boundaries,NO_tabs+NO_newlines,784558,2235501175,497404,287154,0.013,373926,534110,0.024,315117,710537,0.032,269810,891765,0.040,179780,1486211,0.067,143163,1915950,0.086,121694,2278274,0.102,107776,2582358,0.116,97903,2847862,0.128,90041,3098660,0.139,83593,3336583,0.149,77947,3573268,0.160,73174,3797289,0.170,68999,4014064,0.180,65259,4227144,0.189,61939,4432885,0.199,59148,4619703,0.207,56393,4817824,0.216,54263,4981617,0.223,52284,5143774,0.230,50565,5293261,0.237,48972,5439747,0.244,47503,5582122,0.250,37828,6755579,0.303,32551,7663370,0.343,26782,9068457,0.406,23186,10315340,0.462,20791,11387394,0.510,14359,15924317,0.713
00400,multilang,strings+comments,camel+underscore+bpe_5k,separators,tabs+newlines,10719,2559150024,9584,1135,0.000,8695,2913,0.000,8407,3777,0.000,8160,4765,0.000,7585,8580,0.000,7294,12016,0.000,7108,15123,0.001,6982,17892,0.001,6887,20444,0.001,6811,22867,0.001,6750,25122,0.001,6672,28379,0.001,6605,31529,0.001,6556,34081,0.001,6497,37436,0.001,6473,38921,0.002,6439,41191,0.002,6404,43712,0.002,6371,46257,0.002,6335,49227,0.002,6308,51575,0.002,6278,54329,0.002,6258,56274,0.002,6071,79119,0.003,5944,101183,0.004,5770,143564,0.006,5665,179749,0.007,5583,216832,0.008,5329,396647,0.016
00401,multilang,strings+comments,camel+underscore+bpe_5k,separators,NO_tabs+NO_newlines,10717,2091131150,9582,1135,0.000,8693,2913,0.000,8405,3777,0.000,8158,4765,0.000,7583,8580,0.000,7292,12016,0.001,7106,15123,0.001,6980,17892,0.001,6885,20444,0.001,6809,22867,0.001,6748,25122,0.001,6670,28379,0.001,6603,31529,0.002,6554,34081,0.002,6495,37436,0.002,6471,38921,0.002,6437,41191,0.002,6402,43712,0.002,6369,46257,0.002,6333,49227,0.002,6306,51575,0.002,6276,54329,0.003,6256,56274,0.003,6069,79119,0.004,5942,101183,0.005,5768,143564,0.007,5663,179749,0.009,5581,216832,0.010,5327,396647,0.019
00410,multilang,strings+comments,camel+underscore+bpe_5k,boundaries,tabs+newlines,10719,2808254881,9584,1135,0.000,8695,2913,0.000,8407,3777,0.000,8161,4761,0.000,7586,8576,0.000,7295,12012,0.000,7109,15119,0.001,6983,17888,0.001,6888,20440,0.001,6812,22863,0.001,6750,25154,0.001,6672,28411,0.001,6605,31561,0.001,6556,34113,0.001,6497,37468,0.001,6473,38953,0.001,6439,41223,0.001,6404,43744,0.002,6371,46289,0.002,6335,49259,0.002,6308,51607,0.002,6278,54361,0.002,6258,56306,0.002,6071,79151,0.003,5944,101215,0.004,5770,143596,0.005,5665,179781,0.006,5583,216864,0.008,5329,396679,0.014
00411,multilang,strings+comments,camel+underscore+bpe_5k,boundaries,NO_tabs+NO_newlines,10717,2340236007,9582,1135,0.000,8693,2913,0.000,8405,3777,0.000,8159,4761,0.000,7584,8576,0.000,7293,12012,0.001,7107,15119,0.001,6981,17888,0.001,6886,20440,0.001,6810,22863,0.001,6748,25154,0.001,6670,28411,0.001,6603,31561,0.001,6554,34113,0.001,6495,37468,0.002,6471,38953,0.002,6437,41223,0.002,6402,43744,0.002,6369,46289,0.002,6333,49259,0.002,6306,51607,0.002,6276,54361,0.002,6256,56306,0.002,6069,79151,0.003,5942,101215,0.004,5768,143596,0.006,5663,179781,0.008,5581,216864,0.009,5327,396679,0.017
00500,multilang,strings+comments,camel+underscore+bpe_1k,separators,tabs+newlines,6721,3222349096,5586,1135,0.000,4697,2913,0.000,4409,3777,0.000,4163,4761,0.000,3589,8567,0.000,3300,11979,0.000,3115,15069,0.000,2991,17792,0.001,2897,20316,0.001,2824,22645,0.001,2763,24900,0.001,2687,28075,0.001,2621,31177,0.001,2573,33676,0.001,2515,36975,0.001,2491,38460,0.001,2460,40532,0.001,2426,42983,0.001,2394,45453,0.001,2360,48263,0.001,2334,50524,0.002,2305,53184,0.002,2287,54937,0.002,2108,76815,0.002,1984,98358,0.003,1823,137432,0.004,1729,169774,0.005,1653,204191,0.006,1443,352108,0.011
00501,multilang,strings+comments,camel+underscore+bpe_1k,separators,NO_tabs+NO_newlines,6719,2754330222,5584,1135,0.000,4695,2913,0.000,4407,3777,0.000,4161,4761,0.000,3587,8567,0.000,3298,11979,0.000,3113,15069,0.001,2989,17792,0.001,2895,20316,0.001,2822,22645,0.001,2761,24900,0.001,2685,28075,0.001,2619,31177,0.001,2571,33676,0.001,2513,36975,0.001,2489,38460,0.001,2458,40532,0.001,2424,42983,0.002,2392,45453,0.002,2358,48263,0.002,2332,50524,0.002,2303,53184,0.002,2285,54937,0.002,2106,76815,0.003,1982,98358,0.004,1821,137432,0.005,1727,169774,0.006,1651,204191,0.007,1441,352108,0.013
00510,multilang,strings+comments,camel+underscore+bpe_1k,boundaries,tabs+newlines,8709,3341212498,7196,1513,0.000,6039,3827,0.000,5527,5363,0.000,5128,6959,0.000,4182,13191,0.000,3698,18942,0.001,3402,23876,0.001,3215,27974,0.001,3073,31785,0.001,2972,35006,0.001,2889,38068,0.001,2796,41958,0.001,2718,45623,0.001,2661,48595,0.001,2590,52625,0.002,2558,54608,0.002,2520,57145,0.002,2484,59739,0.002,2450,62365,0.002,2413,65422,0.002,2383,68031,0.002,2352,70875,0.002,2332,72822,0.002,2142,96061,0.003,2010,119003,0.004,1841,159919,0.005,1741,194320,0.006,1663,229605,0.007,1444,383255,0.011
00511,multilang,strings+comments,camel+underscore+bpe_1k,boundaries,NO_tabs+NO_newlines,6720,2873087589,5584,1136,0.000,4695,2914,0.000,4407,3778,0.000,4162,4758,0.000,3588,8564,0.000,3299,11976,0.000,3114,15066,0.001,2990,17789,0.001,2896,20313,0.001,2823,22642,0.001,2761,24933,0.001,2685,28108,0.001,2619,31210,0.001,2571,33709,0.001,2513,37008,0.001,2489,38493,0.001,2458,40565,0.001,2424,43016,0.001,2392,45486,0.002,2358,48296,0.002,2332,50557,0.002,2303,53217,0.002,2285,54970,0.002,2106,76848,0.003,1982,98391,0.003,1821,137465,0.005,1727,169807,0.006,1651,204224,0.007,1441,352141,0.012
00600,multilang,strings+comments,camel+underscore+bpe_10k,separators,tabs+newlines,15712,2472368392,14573,1139,0.000,13680,2925,0.000,13388,3801,0.000,13138,4801,0.000,12552,8694,0.000,12253,12227,0.000,12065,15371,0.001,11933,18270,0.001,11832,20979,0.001,11752,23533,0.001,11684,26050,0.001,11601,29518,0.001,11528,32950,0.001,11477,35606,0.001,11414,39186,0.002,11388,40799,0.002,11350,43335,0.002,11312,46072,0.002,11272,49156,0.002,11231,52536,0.002,11204,54884,0.002,11173,57731,0.002,11145,60447,0.002,10938,85679,0.003,10790,111311,0.005,10585,161528,0.007,10436,213237,0.009,10326,262808,0.011,9950,529846,0.021
00601,multilang,strings+comments,camel+underscore+bpe_10k,separators,NO_tabs+NO_newlines,15710,2004349518,14571,1139,0.000,13678,2925,0.000,13386,3801,0.000,13136,4801,0.000,12550,8694,0.000,12251,12227,0.001,12063,15371,0.001,11931,18270,0.001,11830,20979,0.001,11750,23533,0.001,11682,26050,0.001,11599,29518,0.001,11526,32950,0.002,11475,35606,0.002,11412,39186,0.002,11386,40799,0.002,11348,43335,0.002,11310,46072,0.002,11270,49156,0.002,11229,52536,0.003,11202,54884,0.003,11171,57731,0.003,11143,60447,0.003,10936,85679,0.004,10788,111311,0.006,10583,161528,0.008,10434,213237,0.011,10324,262808,0.013,9948,529846,0.026
00610,multilang,strings+comments,camel+underscore+bpe_10k,boundaries,tabs+newlines,15712,2730809763,14573,1139,0.000,13680,2925,0.000,13388,3801,0.000,13139,4797,0.000,12553,8690,0.000,12254,12223,0.000,12066,15367,0.001,11934,18266,0.001,11833,20975,0.001,11753,23529,0.001,11684,26082,0.001,11601,29550,0.001,11528,32982,0.001,11477,35638,0.001,11414,39218,0.001,11388,40831,0.001,11350,43367,0.002,11312,46104,0.002,11272,49188,0.002,11231,52568,0.002,11204,54916,0.002,11173,57763,0.002,11145,60479,0.002,10938,85711,0.003,10790,111343,0.004,10585,161560,0.006,10436,213269,0.008,10326,262840,0.010,9950,529878,0.019
00611,multilang,strings+comments,camel+underscore+bpe_10k,boundaries,NO_tabs+NO_newlines,15711,2262696673,14571,1140,0.000,13678,2926,0.000,13386,3802,0.000,13137,4798,0.000,12551,8691,0.000,12252,12224,0.001,12064,15368,0.001,11932,18267,0.001,11831,20976,0.001,11751,23530,0.001,11682,26083,0.001,11599,29551,0.001,11526,32983,0.001,11475,35639,0.002,11412,39219,0.002,11386,40832,0.002,11348,43368,0.002,11310,46105,0.002,11270,49189,0.002,11229,52569,0.002,11202,54917,0.002,11171,57764,0.003,11143,60480,0.003,10936,85711,0.004,10788,111343,0.005,10583,161560,0.007,10434,213269,0.009,10324,262840,0.012,9948,529877,0.023
01000,multilang,strings+NO_comments,NO_splitting,separators,tabs+newlines,6472533,1795112628,5040295,1432238,0.080,3868636,3775556,0.210,3163997,5889473,0.328,2603093,8133089,0.453,1411351,15922946,0.887,963024,21156537,1.179,736889,24936534,1.390,593069,28076412,1.565,502931,30497875,1.700,435001,32659857,1.820,385231,34494368,1.923,343959,36222699,2.019,311336,37753441,2.104,284146,39165386,2.183,261524,40451987,2.255,242276,41643160,2.321,226222,42717921,2.381,212003,43740660,2.438,199894,44672262,2.490,188642,45594547,2.541,179219,46413894,2.587,170471,47217920,2.632,162547,47986157,2.674,111751,54138351,3.017,85865,58592122,3.266,59932,64891967,3.617,46510,69522443,3.875,38268,73199261,4.080,21430,84918625,4.733
01001,multilang,strings+NO_comments,NO_splitting,separators,NO_tabs+NO_newlines,6472531,1327850801,5040293,1432238,0.108,3868634,3775556,0.285,3163995,5889473,0.444,2603091,8133089,0.613,1411349,15922946,1.200,963022,21156537,1.594,736887,24936534,1.879,593067,28076412,2.116,502929,30497875,2.298,434999,32659857,2.461,385229,34494368,2.600,343957,36222699,2.730,311334,37753441,2.845,284144,39165386,2.952,261522,40451987,3.048,242274,41643160,3.138,226220,42717921,3.219,212001,43740660,3.296,199892,44672262,3.367,188640,45594547,3.436,179217,46413894,3.498,170469,47217920,3.558,162545,47986157,3.616,111749,54138351,4.080,85863,58592122,4.416,59930,64891967,4.890,46508,69522443,5.239,38266,73199261,5.516,21428,84918625,6.399
01010,multilang,strings+NO_comments,NO_splitting,boundaries,tabs+newlines,6472533,1795112628,5040295,1432238,0.080,3868636,3775556,0.210,3163997,5889473,0.328,2603093,8133089,0.453,1411351,15922946,0.887,963024,21156537,1.179,736889,24936534,1.390,593069,28076412,1.565,502931,30497875,1.700,435001,32659857,1.820,385231,34494368,1.923,343959,36222699,2.019,311336,37753441,2.104,284146,39165386,2.183,261524,40451987,2.255,242276,41643160,2.321,226222,42717921,2.381,212003,43740660,2.438,199894,44672262,2.490,188642,45594547,2.541,179219,46413894,2.587,170471,47217920,2.632,162547,47986157,2.674,111751,54138351,3.017,85865,58592122,3.266,59932,64891967,3.617,46510,69522443,3.875,38268,73199261,4.080,21430,84918625,4.733
01011,multilang,strings+NO_comments,NO_splitting,boundaries,NO_tabs+NO_newlines,6472531,1327850801,5040293,1432238,0.108,3868634,3775556,0.285,3163995,5889473,0.444,2603091,8133089,0.613,1411349,15922946,1.200,963022,21156537,1.594,736887,24936534,1.879,593067,28076412,2.116,502929,30497875,2.298,434999,32659857,2.461,385229,34494368,2.600,343957,36222699,2.730,311334,37753441,2.845,284144,39165386,2.952,261522,40451987,3.048,242274,41643160,3.138,226220,42717921,3.219,212001,43740660,3.296,199892,44672262,3.367,188640,45594547,3.436,179217,46413894,3.498,170469,47217920,3.558,162545,47986157,3.616,111749,54138351,4.080,85863,58592122,4.416,59930,64891967,4.890,46508,69522443,5.239,38266,73199261,5.516,21428,84918625,6.399
01100,multilang,strings+NO_comments,camel+underscore,separators,tabs+newlines,989312,2241760627,597319,391993,0.018,435312,716007,0.032,365165,926448,0.041,315502,1125100,0.050,186935,1950515,0.087,141591,2481897,0.111,117087,2891267,0.129,102251,3215511,0.144,92133,3487428,0.156,84400,3733845,0.167,78528,3950390,0.176,73538,4159682,0.186,68928,4376166,0.195,64792,4590856,0.205,61531,4776489,0.213,58741,4949242,0.221,56407,5105555,0.228,54111,5270759,0.235,52139,5422549,0.242,50327,5571008,0.249,48751,5708101,0.255,47279,5843478,0.261,45915,5975738,0.267,36954,7065937,0.316,31837,7949583,0.355,26053,9367757,0.418,22350,10649921,0.476,19862,11762274,0.525,13951,15920436,0.711
01101,multilang,strings+NO_comments,camel+underscore,separators,NO_tabs+NO_newlines,989310,1774498800,597317,391993,0.022,435310,716007,0.040,365163,926448,0.052,315500,1125100,0.064,186933,1950515,0.110,141589,2481897,0.140,117085,2891267,0.163,102249,3215511,0.182,92131,3487428,0.197,84398,3733845,0.211,78526,3950390,0.223,73536,4159682,0.235,68926,4376166,0.247,64790,4590856,0.259,61529,4776489,0.270,58739,4949242,0.279,56405,5105555,0.288,54109,5270759,0.298,52137,5422549,0.306,50325,5571008,0.314,48749,5708101,0.322,47277,5843478,0.330,45913,5975738,0.337,36952,7065937,0.399,31835,7949583,0.449,26051,9367757,0.529,22348,10649921,0.601,19860,11762274,0.664,13949,15920436,0.899
01110,multilang,strings+NO_comments,camel+underscore,boundaries,tabs+newlines,989313,2491144837,597320,391993,0.016,435313,716007,0.029,365166,926448,0.037,315503,1125100,0.045,186936,1950515,0.078,141592,2481897,0.100,117088,2891267,0.116,102252,3215511,0.129,92134,3487428,0.140,84401,3733845,0.150,78529,3950390,0.159,73539,4159682,0.167,68929,4376166,0.176,64793,4590856,0.185,61532,4776489,0.192,58742,4949242,0.199,56408,5105555,0.205,54112,5270759,0.212,52140,5422549,0.218,50328,5571008,0.224,48752,5708101,0.229,47280,5843478,0.235,45916,5975738,0.240,36955,7065937,0.284,31838,7949583,0.319,26054,9367757,0.376,22351,10649921,0.428,19863,11762274,0.473,13952,15920436,0.640
01111,multilang,strings+NO_comments,camel+underscore,boundaries,NO_tabs+NO_newlines,989311,2023883010,597318,391993,0.019,435311,716007,0.035,365164,926448,0.046,315501,1125100,0.056,186934,1950515,0.097,141590,2481897,0.123,117086,2891267,0.143,102250,3215511,0.159,92132,3487428,0.173,84399,3733845,0.185,78527,3950390,0.195,73537,4159682,0.206,68927,4376166,0.217,64791,4590856,0.227,61530,4776489,0.236,58740,4949242,0.245,56406,5105555,0.253,54110,5270759,0.261,52138,5422549,0.268,50326,5571008,0.276,48750,5708101,0.282,47278,5843478,0.289,45914,5975738,0.296,36953,7065937,0.350,31836,7949583,0.393,26052,9367757,0.464,22349,10649921,0.527,19861,11762274,0.582,13950,15920436,0.788
01200,multilang,strings+NO_comments,camel+underscore+numbers,separators,tabs+newlines,587178,2307894561,378485,208693,0.009,296178,373307,0.016,249345,513806,0.022,217136,642642,0.028,145845,1112715,0.048,115427,1468325,0.064,98087,1759351,0.076,86684,2008321,0.087,78714,2222599,0.096,72330,2426163,0.105,67372,2608954,0.113,63372,2776528,0.120,59958,2936684,0.127,56956,3092432,0.134,54445,3235401,0.140,52212,3373795,0.146,50290,3502446,0.152,48490,3631904,0.158,46971,3748845,0.163,45575,3863248,0.168,44348,3969982,0.172,43155,4079705,0.177,42021,4189638,0.182,34049,5160925,0.224,29395,5965170,0.259,24134,7253103,0.315,20862,8385675,0.364,18638,9380808,0.407,13208,13212344,0.573
01201,multilang,strings+NO_comments,camel+underscore+numbers,separators,NO_tabs+NO_newlines,587176,1840632734,378483,208693,0.011,296176,373307,0.020,249343,513806,0.028,217134,642642,0.035,145843,1112715,0.061,115425,1468325,0.080,98085,1759351,0.096,86682,2008321,0.109,78712,2222599,0.121,72328,2426163,0.132,67370,2608954,0.142,63370,2776528,0.151,59956,2936684,0.160,56954,3092432,0.168,54443,3235401,0.176,52210,3373795,0.184,50288,3502446,0.191,48488,3631904,0.198,46969,3748845,0.204,45573,3863248,0.210,44346,3969982,0.216,43153,4079705,0.222,42019,4189638,0.228,34047,5160925,0.281,29393,5965170,0.325,24132,7253103,0.395,20860,8385675,0.456,18636,9380808,0.510,13206,13212344,0.719
01210,multilang,strings+NO_comments,camel+underscore+numbers,boundaries,tabs+newlines,587179,2547599702,378486,208693,0.008,296179,373307,0.015,249346,513806,0.020,217137,642642,0.025,145846,1112715,0.044,115428,1468325,0.058,98088,1759351,0.069,86684,2008345,0.079,78714,2222623,0.087,72330,2426187,0.095,67372,2608978,0.103,63372,2776552,0.109,59958,2936708,0.115,56956,3092456,0.122,54445,3235425,0.127,52212,3373819,0.133,50290,3502470,0.138,48490,3631928,0.143,46971,3748869,0.147,45575,3863272,0.152,44348,3970006,0.156,43155,4079729,0.160,42021,4189662,0.165,34049,5160949,0.203,29395,5965194,0.234,24134,7253127,0.285,20862,8385699,0.330,18638,9380832,0.369,13208,13212368,0.519
01211,multilang,strings+NO_comments,camel+underscore+numbers,boundaries,NO_tabs+NO_newlines,587177,2080337875,378484,208693,0.010,296177,373307,0.018,249344,513806,0.025,217135,642642,0.031,145844,1112715,0.054,115426,1468325,0.071,98086,1759351,0.085,86682,2008345,0.097,78712,2222623,0.107,72328,2426187,0.117,67370,2608978,0.126,63370,2776552,0.134,59956,2936708,0.141,56954,3092456,0.149,54443,3235425,0.156,52210,3373819,0.162,50288,3502470,0.169,48488,3631928,0.175,46969,3748869,0.180,45573,3863272,0.186,44346,3970006,0.191,43153,4079729,0.196,42019,4189662,0.202,34047,5160949,0.248,29393,5965194,0.287,24132,7253127,0.349,20860,8385699,0.404,18636,9380832,0.452,13206,13212368,0.636
01400,multilang,strings+NO_comments,camel+underscore+bpe_5k,separators,tabs+newlines,9980,2407631495,8896,1084,0.000,8229,2418,0.000,8004,3093,0.000,7806,3885,0.000,7326,7063,0.000,7106,9652,0.000,6962,12108,0.001,6853,14508,0.001,6757,17093,0.001,6682,19484,0.001,6613,22029,0.001,6551,24614,0.001,6504,26813,0.001,6457,29239,0.001,6397,32632,0.001,6367,34489,0.001,6339,36356,0.002,6312,38301,0.002,6284,40443,0.002,6251,43150,0.002,6224,45500,0.002,6200,47705,0.002,6182,49445,0.002,6007,70642,0.003,5880,92941,0.004,5721,132060,0.005,5623,166626,0.007,5534,206608,0.009,5301,370950,0.015
01401,multilang,strings+NO_comments,camel+underscore+bpe_5k,separators,NO_tabs+NO_newlines,9978,1940369668,8894,1084,0.000,8227,2418,0.000,8002,3093,0.000,7804,3885,0.000,7324,7063,0.000,7104,9652,0.000,6960,12108,0.001,6851,14508,0.001,6755,17093,0.001,6680,19484,0.001,6611,22029,0.001,6549,24614,0.001,6502,26813,0.001,6455,29239,0.002,6395,32632,0.002,6365,34489,0.002,6337,36356,0.002,6310,38301,0.002,6282,40443,0.002,6249,43150,0.002,6222,45500,0.002,6198,47705,0.002,6180,49445,0.003,6005,70642,0.004,5878,92941,0.005,5719,132060,0.007,5621,166626,0.009,5532,206608,0.011,5299,370950,0.019
01410,multilang,strings+NO_comments,camel+underscore+bpe_5k,boundaries,tabs+newlines,9982,2640163950,8897,1085,0.000,8230,2419,0.000,8005,3094,0.000,7807,3886,0.000,7327,7064,0.000,7107,9653,0.000,6963,12109,0.000,6853,14533,0.001,6757,17118,0.001,6682,19509,0.001,6613,22054,0.001,6551,24639,0.001,6504,26838,0.001,6457,29264,0.001,6397,32657,0.001,6367,34514,0.001,6339,36381,0.001,6312,38326,0.001,6284,40468,0.002,6251,43175,0.002,6224,45525,0.002,6200,47730,0.002,6182,49470,0.002,6007,70667,0.003,5880,92966,0.004,5721,132085,0.005,5623,166651,0.006,5534,206633,0.008,5301,370975,0.014
01411,multilang,strings+NO_comments,camel+underscore+bpe_5k,boundaries,NO_tabs+NO_newlines,9979,2173028134,8895,1084,0.000,8228,2418,0.000,8003,3093,0.000,7805,3885,0.000,7325,7063,0.000,7105,9652,0.000,6961,12108,0.001,6851,14532,0.001,6755,17117,0.001,6680,19508,0.001,6611,22053,0.001,6549,24638,0.001,6502,26837,0.001,6455,29263,0.001,6395,32656,0.002,6365,34513,0.002,6337,36380,0.002,6310,38325,0.002,6282,40467,0.002,6249,43174,0.002,6222,45524,0.002,6198,47729,0.002,6180,49469,0.002,6005,70666,0.003,5878,92965,0.004,5719,132084,0.006,5621,166650,0.008,5532,206632,0.010,5299,370974,0.017
01500,multilang,strings+NO_comments,camel+underscore+bpe_1k,separators,tabs+newlines,5982,3013024356,4898,1084,0.000,4231,2418,0.000,4006,3093,0.000,3810,3877,0.000,3332,7042,0.000,3114,9610,0.000,2971,12049,0.000,2864,14403,0.000,2772,16882,0.001,2699,19209,0.001,2631,21718,0.001,2569,24303,0.001,2522,26506,0.001,2478,28782,0.001,2421,32008,0.001,2392,33803,0.001,2368,35408,0.001,2342,37282,0.001,2316,39270,0.001,2284,41896,0.001,2258,44158,0.001,2235,46269,0.002,2218,47910,0.002,2051,68096,0.002,1926,90049,0.003,1782,125332,0.004,1695,155946,0.005,1614,192491,0.006,1425,326256,0.011
01501,multilang,strings+NO_comments,camel+underscore+bpe_1k,separators,NO_tabs+NO_newlines,5980,2554688228,4896,1084,0.000,4229,2418,0.000,4004,3093,0.000,3808,3877,0.000,3330,7042,0.000,3112,9610,0.000,2969,12049,0.000,2862,14403,0.001,2770,16882,0.001,2697,19209,0.001,2629,21718,0.001,2567,24303,0.001,2521,26457,0.001,2476,28783,0.001,2419,32009,0.001,2390,33804,0.001,2366,35409,0.001,2340,37283,0.001,2314,39271,0.002,2282,41897,0.002,2256,44159,0.002,2233,46270,0.002,2216,47911,0.002,2049,68108,0.003,1924,90062,0.004,1780,125345,0.005,1693,155959,0.006,1612,192504,0.008,1424,325345,0.013
01510,multilang,strings+NO_comments,camel+underscore+bpe_1k,boundaries,tabs+newlines,5983,3132986279,4899,1084,0.000,4232,2418,0.000,4007,3093,0.000,3811,3877,0.000,3333,7042,0.000,3115,9610,0.000,2972,12049,0.000,2864,14427,0.000,2772,16906,0.001,2699,19233,0.001,2631,21742,0.001,2569,24327,0.001,2523,26481,0.001,2478,28807,0.001,2421,32033,0.001,2392,33828,0.001,2368,35433,0.001,2342,37307,0.001,2316,39295,0.001,2284,41921,0.001,2258,44183,0.001,2235,46294,0.001,2218,47935,0.002,2051,68132,0.002,1926,90086,0.003,1782,125369,0.004,1695,155983,0.005,1614,192528,0.006,1426,325369,0.010
01511,multilang,strings+NO_comments,camel+underscore+bpe_1k,boundaries,NO_tabs+NO_newlines,5981,2676168756,4897,1084,0.000,4230,2418,0.000,4005,3093,0.000,3810,3873,0.000,3331,7043,0.000,3113,9611,0.000,2970,12050,0.000,2862,14428,0.001,2770,16907,0.001,2697,19235,0.001,2629,21745,0.001,2567,24330,0.001,2521,26484,0.001,2476,28810,0.001,2420,31981,0.001,2391,33776,0.001,2366,35447,0.001,2340,37321,0.001,2314,39309,0.001,2282,41935,0.002,2256,44198,0.002,2234,46215,0.002,2216,47951,0.002,2049,68148,0.003,1924,90102,0.003,1780,125386,0.005,1693,156000,0.006,1612,192545,0.007,1424,325395,0.012
01600,multilang,strings+NO_comments,camel+underscore+bpe_10k,separators,tabs+newlines,14962,2329637875,13870,1092,0.000,13200,2432,0.000,12973,3113,0.000,12769,3929,0.000,12282,7156,0.000,12051,9866,0.000,11901,12420,0.001,11787,14930,0.001,11689,17567,0.001,11601,20376,0.001,11531,22956,0.001,11461,25879,0.001,11408,28361,0.001,11354,31158,0.001,11289,34836,0.001,11252,37130,0.002,11222,39132,0.002,11191,41362,0.002,11155,44122,0.002,11119,47071,0.002,11087,49852,0.002,11057,52607,0.002,11037,54540,0.002,10841,78385,0.003,10691,104625,0.004,10495,153026,0.007,10356,201918,0.009,10233,256948,0.011,9864,520375,0.022
01601,multilang,strings+NO_comments,camel+underscore+bpe_10k,separators,NO_tabs+NO_newlines,14960,1862376048,13868,1092,0.000,13198,2432,0.000,12971,3113,0.000,12767,3929,0.000,12280,7156,0.000,12049,9866,0.001,11899,12420,0.001,11785,14930,0.001,11687,17567,0.001,11599,20376,0.001,11529,22956,0.001,11459,25879,0.001,11406,28361,0.002,11352,31158,0.002,11287,34836,0.002,11250,37130,0.002,11220,39132,0.002,11189,41362,0.002,11153,44122,0.002,11117,47071,0.003,11085,49852,0.003,11055,52607,0.003,11035,54540,0.003,10839,78385,0.004,10689,104625,0.006,10493,153026,0.008,10354,201918,0.011,10231,256948,0.014,9862,520375,0.028
01610,multilang,strings+NO_comments,camel+underscore+bpe_10k,boundaries,tabs+newlines,14963,2570822281,13871,1092,0.000,13201,2432,0.000,12974,3113,0.000,12770,3929,0.000,12283,7156,0.000,12052,9866,0.000,11902,12420,0.000,11787,14954,0.001,11689,17591,0.001,11601,20400,0.001,11531,22980,0.001,11461,25903,0.001,11408,28385,0.001,11354,31182,0.001,11289,34860,0.001,11252,37154,0.001,11222,39156,0.002,11191,41386,0.002,11155,44146,0.002,11119,47095,0.002,11087,49876,0.002,11057,52631,0.002,11037,54564,0.002,10841,78409,0.003,10691,104649,0.004,10495,153050,0.006,10356,201942,0.008,10233,256972,0.010,9864,520399,0.020
01611,multilang,strings+NO_comments,camel+underscore+bpe_10k,boundaries,NO_tabs+NO_newlines,14962,2103441159,13869,1093,0.000,13199,2433,0.000,12972,3114,0.000,12768,3930,0.000,12281,7157,0.000,12050,9867,0.000,11900,12421,0.001,11785,14955,0.001,11687,17592,0.001,11599,20401,0.001,11529,22981,0.001,11459,25904,0.001,11406,28386,0.001,11352,31183,0.001,11287,34861,0.002,11250,37155,0.002,11220,39157,0.002,11189,41387,0.002,11153,44147,0.002,11117,47096,0.002,11085,49877,0.002,11055,52632,0.003,11035,54565,0.003,10839,78410,0.004,10689,104650,0.005,10493,153051,0.007,10354,201943,0.010,10231,256972,0.012,9862,520391,0.025
02000,multilang,NO_strings+NO_comments,NO_splitting,separators,tabs+newlines,5883193,1259828574,4722348,1160845,0.092,3610242,3385057,0.269,2934818,5411329,0.430,2387726,7599697,0.603,1267687,14912564,1.184,856908,19704996,1.565,650413,23155237,1.839,519414,26014002,2.066,438434,28189703,2.239,377131,30141165,2.394,331928,31807134,2.526,295058,33351202,2.648,266471,34692135,2.755,242948,35913706,2.852,223510,37019745,2.940,206662,38062544,3.023,192863,38986113,3.096,180616,39867081,3.166,169799,40699287,3.232,159974,41504397,3.296,151626,42230316,3.354,144134,42919039,3.408,137122,43598681,3.462,93364,48900411,3.883,71286,52701876,4.185,48842,58159454,4.618,37415,62098720,4.931,30550,65158670,5.174,16416,75000537,5.956
02001,multilang,NO_strings+NO_comments,NO_splitting,separators,NO_tabs+NO_newlines,5883191,858524823,4722346,1160845,0.135,3610240,3385057,0.395,2934816,5411329,0.631,2387724,7599697,0.886,1267685,14912564,1.738,856906,19704996,2.297,650411,23155237,2.699,519412,26014002,3.032,438432,28189703,3.286,377129,30141165,3.513,331926,31807134,3.707,295056,33351202,3.887,266469,34692135,4.044,242946,35913706,4.186,223508,37019745,4.315,206660,38062544,4.436,192861,38986113,4.544,180614,39867081,4.647,169797,40699287,4.744,159972,41504397,4.838,151624,42230316,4.922,144132,42919039,5.002,137120,43598681,5.082,93362,48900411,5.700,71284,52701876,6.143,48840,58159454,6.779,37413,62098720,7.238,30548,65158670,7.595,16414,75000537,8.742
02010,multilang,NO_strings+NO_comments,NO_splitting,boundaries,tabs+newlines,5883193,1259828574,4722348,1160845,0.092,3610242,3385057,0.269,2934818,5411329,0.430,2387726,7599697,0.603,1267687,14912564,1.184,856908,19704996,1.565,650413,23155237,1.839,519414,26014002,2.066,438434,28189703,2.239,377131,30141165,2.394,331928,31807134,2.526,295058,33351202,2.648,266471,34692135,2.755,242948,35913706,2.852,223510,37019745,2.940,206662,38062544,3.023,192863,38986113,3.096,180616,39867081,3.166,169799,40699287,3.232,159974,41504397,3.296,151626,42230316,3.354,144134,42919039,3.408,137122,43598681,3.462,93364,48900411,3.883,71286,52701876,4.185,48842,58159454,4.618,37415,62098720,4.931,30550,65158670,5.174,16416,75000537,5.956
02011,multilang,NO_strings+NO_comments,NO_splitting,boundaries,NO_tabs+NO_newlines,5883191,858524823,4722346,1160845,0.135,3610240,3385057,0.395,2934816,5411329,0.631,2387724,7599697,0.886,1267685,14912564,1.738,856906,19704996,2.297,650411,23155237,2.699,519412,26014002,3.032,438432,28189703,3.286,377129,30141165,3.513,331926,31807134,3.707,295056,33351202,3.887,266469,34692135,4.044,242946,35913706,4.186,223508,37019745,4.315,206660,38062544,4.436,192861,38986113,4.544,180614,39867081,4.647,169797,40699287,4.744,159972,41504397,4.838,151624,42230316,4.922,144132,42919039,5.002,137120,43598681,5.082,93362,48900411,5.700,71284,52701876,6.143,48840,58159454,6.779,37413,62098720,7.238,30548,65158670,7.595,16414,75000537,8.742
02100,multilang,NO_strings+NO_comments,camel+underscore,separators,tabs+newlines,696696,1662444521,450012,246684,0.015,338528,469652,0.028,286162,626750,0.038,249047,775210,0.047,140865,1466691,0.088,105227,1883834,0.113,86858,2189468,0.132,75836,2430437,0.146,68447,2628737,0.158,62698,2811998,0.169,58383,2971239,0.179,54700,3125339,0.188,51489,3276168,0.197,48794,3416157,0.206,46502,3546716,0.214,44460,3673080,0.221,42810,3783569,0.228,41266,3894619,0.235,39902,3999575,0.241,38682,4099643,0.247,37602,4193538,0.253,36473,4297284,0.259,35485,4393099,0.265,29044,5176094,0.312,25159,5847123,0.352,20397,7014682,0.423,17488,8023456,0.483,15616,8859306,0.534,11019,12114044,0.730
02101,multilang,NO_strings+NO_comments,camel+underscore,separators,NO_tabs+NO_newlines,696694,1261140770,450010,246684,0.020,338526,469652,0.037,286160,626750,0.050,249045,775210,0.062,140863,1466691,0.116,105225,1883834,0.150,86856,2189468,0.174,75834,2430437,0.193,68445,2628737,0.209,62696,2811998,0.223,58381,2971239,0.236,54698,3125339,0.248,51487,3276168,0.260,48792,3416157,0.271,46500,3546716,0.282,44458,3673080,0.292,42808,3783569,0.301,41264,3894619,0.309,39900,3999575,0.318,38680,4099643,0.326,37600,4193538,0.333,36471,4297284,0.341,35483,4393099,0.349,29042,5176094,0.411,25157,5847123,0.464,20395,7014682,0.557,17486,8023456,0.637,15614,8859306,0.704,11017,12114044,0.962
02110,multilang,NO_strings+NO_comments,camel+underscore,boundaries,tabs+newlines,696697,1888481581,450013,246684,0.013,338529,469652,0.025,286163,626750,0.033,249048,775210,0.041,140866,1466691,0.078,105228,1883834,0.100,86859,2189468,0.116,75837,2430437,0.129,68448,2628737,0.139,62699,2811998,0.149,58384,2971239,0.158,54701,3125339,0.166,51490,3276168,0.174,48795,3416157,0.181,46503,3546716,0.188,44461,3673080,0.195,42811,3783569,0.201,41267,3894619,0.206,39903,3999575,0.212,38683,4099643,0.217,37603,4193538,0.222,36474,4297284,0.228,35486,4393099,0.233,29045,5176094,0.274,25160,5847123,0.310,20398,7014682,0.372,17489,8023456,0.425,15617,8859306,0.470,11020,12114044,0.642
02111,multilang,NO_strings+NO_comments,camel+underscore,boundaries,NO_tabs+NO_newlines,696695,1487177830,450011,246684,0.017,338527,469652,0.032,286161,626750,0.042,249046,775210,0.052,140864,1466691,0.099,105226,1883834,0.127,86857,2189468,0.147,75835,2430437,0.164,68446,2628737,0.177,62697,2811998,0.189,58382,2971239,0.200,54699,3125339,0.210,51488,3276168,0.221,48793,3416157,0.230,46501,3546716,0.239,44459,3673080,0.247,42809,3783569,0.255,41265,3894619,0.262,39901,3999575,0.269,38681,4099643,0.276,37601,4193538,0.282,36472,4297284,0.289,35484,4393099,0.296,29043,5176094,0.349,25158,5847123,0.394,20396,7014682,0.472,17487,8023456,0.540,15615,8859306,0.597,11018,12114044,0.816
02200,multilang,NO_strings+NO_comments,camel+underscore+numbers,separators,tabs+newlines,329272,8497094,260649,81003,0.005,220864,160573,0.009,186132,264769,0.016,164785,350157,0.021,112455,695703,0.041,89754,961169,0.056,76726,1179491,0.069,67725,1376155,0.081,61495,1543557,0.091,56502,1702788,0.100,52692,1843367,0.108,49592,1973150,0.116,46752,2106597,0.124,44475,2224756,0.131,42528,2335658,0.137,40824,2441194,0.143,39391,2537149,0.149,38041,2634281,0.155,36801,2729737,0.160,35689,2820957,0.166,34699,2907012,0.171,33642,3004157,0.176,32747,3090963,0.181,26737,3821437,0.224,23155,4439576,0.261,18970,5464908,0.321,16393,6358408,0.373,14697,7116013,0.418,12380,8497094,0.499
02201,multilang,NO_strings+NO_comments,camel+underscore+numbers,separators,NO_tabs+NO_newlines,341650,1303943314,260647,81003,0.006,220862,160573,0.012,186130,264769,0.020,164783,350157,0.027,112453,695703,0.053,89752,961169,0.074,76724,1179491,0.091,67723,1376155,0.106,61493,1543557,0.119,56500,1702788,0.131,52690,1843367,0.142,49590,1973150,0.152,46750,2106597,0.162,44473,2224756,0.171,42526,2335658,0.179,40822,2441194,0.188,39389,2537149,0.195,38039,2634281,0.202,36799,2729737,0.210,35687,2820957,0.217,34697,2907012,0.223,33640,3004157,0.231,32745,3090963,0.237,26735,3821437,0.294,23153,4439576,0.341,18968,5464908,0.420,16391,6358408,0.488,14695,7116013,0.547,10413,10147466,0.780
02210,multilang,NO_strings+NO_comments,camel+underscore+numbers,boundaries,tabs+newlines,341652,1923556419,260649,81003,0.004,220864,160573,0.008,186132,264769,0.014,164785,350157,0.018,112455,695703,0.036,89754,961169,0.050,76726,1179491,0.061,67725,1376155,0.072,61495,1543557,0.080,56502,1702788,0.089,52692,1843367,0.096,49592,1973150,0.103,46752,2106597,0.110,44475,2224756,0.116,42528,2335658,0.122,40824,2441194,0.127,39391,2537149,0.132,38041,2634281,0.137,36801,2729737,0.142,35689,2820957,0.147,34699,2907012,0.151,33642,3004157,0.156,32747,3090963,0.161,26737,3821437,0.199,23155,4439576,0.231,18970,5464908,0.284,16393,6358408,0.331,14697,7116013,0.370,10415,10147466,0.528
02211,multilang,NO_strings+NO_comments,camel+underscore+numbers,boundaries,NO_tabs+NO_newlines,341650,1522252668,260647,81003,0.005,220862,160573,0.011,186130,264769,0.017,164783,350157,0.023,112453,695703,0.046,89752,961169,0.063,76724,1179491,0.078,67723,1376155,0.091,61493,1543557,0.102,56500,1702788,0.112,52690,1843367,0.121,49590,1973150,0.130,46750,2106597,0.139,44473,2224756,0.146,42526,2335658,0.154,40822,2441194,0.161,39389,2537149,0.167,38039,2634281,0.173,36799,2729737,0.180,35687,2820957,0.186,34697,2907012,0.191,33640,3004157,0.198,32745,3090963,0.203,26735,3821437,0.251,23153,4439576,0.292,18968,5464908,0.360,16391,6358408,0.418,14695,7116013,0.468,10413,10147466,0.668
02400,multilang,NO_strings+NO_comments,camel+underscore+bpe_5k,separators,tabs+newlines,1743,1719378269,5410,0,0.000,5410,0,0.000,5410,0,0.000,5410,0,0.000,5410,0,0.000,5410,0,0.000,5410,0,0.000,5410,0,0.000,5410,0,0.000,5410,0,0.000,5410,0,0.000,5410,0,0.000,5410,0,0.000,5410,0,0.000,5410,0,0.000,5410,0,0.000,5410,0,0.000,5410,0,0.000,5410,0,0.000,5410,0,0.000,5410,0,0.000,5410,0,0.000,5410,0,0.000,5410,0,0.000,5410,0,0.000,5410,0,0.000,5410,0,0.000,5410,0,0.000,5410,0,0.000
02401,multilang,NO_strings+NO_comments,camel+underscore+bpe_5k,separators,NO_tabs+NO_newlines,5408,1368752020,5282,126,0.000,5225,240,0.000,5200,315,0.000,5182,387,0.000,5117,789,0.000,5093,1072,0.000,5078,1342,0.000,5069,1532,0.000,5065,1638,0.000,5059,1830,0.000,5058,1865,0.000,5051,2161,0.000,5050,2206,0.000,5048,2310,0.000,5044,2540,0.000,5043,2603,0.000,5041,2738,0.000,5037,3028,0.000,5034,3258,0.000,5033,3342,0.000,5029,3690,0.000,5027,3874,0.000,5024,4163,0.000,4998,7421,0.001,4980,10513,0.001,4945,19096,0.001,4923,26630,0.002,4893,39960,0.003,4803,106931,0.008
02410,multilang,NO_strings+NO_comments,camel+underscore+bpe_5k,boundaries,tabs+newlines,5410,1976956594,5284,126,0.000,5227,240,0.000,5202,315,0.000,5184,387,0.000,5119,789,0.000,5095,1072,0.000,5080,1342,0.000,5071,1532,0.000,5067,1638,0.000,5061,1830,0.000,5060,1865,0.000,5053,2161,0.000,5052,2206,0.000,5050,2310,0.000,5046,2540,0.000,5045,2603,0.000,5043,2738,0.000,5039,3028,0.000,5036,3258,0.000,5035,3342,0.000,5031,3690,0.000,5029,3874,0.000,5026,4163,0.000,5000,7421,0.000,4982,10513,0.001,4947,19096,0.001,4925,26630,0.001,4895,39960,0.002,4805,106931,0.005
02411,multilang,NO_strings+NO_comments,camel+underscore+bpe_5k,boundaries,NO_tabs+NO_newlines,5723,1575649769,5440,283,0.000,5332,499,0.000,5285,640,0.000,5255,760,0.000,5157,1394,0.000,5120,1827,0.000,5095,2262,0.000,5080,2584,0.000,5071,2823,0.000,5065,3015,0.000,5063,3085,0.000,5057,3338,0.000,5055,3430,0.000,5052,3586,0.000,5049,3761,0.000,5048,3824,0.000,5046,3960,0.000,5042,4249,0.000,5039,4480,0.000,5038,4564,0.000,5034,4912,0.000,5032,5096,0.000,5029,5385,0.000,5003,8670,0.001,4984,11945,0.001,4947,21059,0.001,4926,28280,0.002,4895,42075,0.003,4803,110490,0.007
02500,multilang,NO_strings+NO_comments,camel+underscore+bpe_1k,separators,tabs+newlines,635,23117498,1300,122,0.000,1248,226,0.000,1226,292,0.000,1211,352,0.000,1157,683,0.000,1138,910,0.000,1129,1070,0.000,1122,1216,0.000,1121,1244,0.000,1120,1276,0.000,1120,1276,0.000,1119,1319,0.000,1119,1319,0.000,1119,1319,0.000,1118,1378,0.000,1118,1378,0.000,1118,1378,0.000,1118,1378,0.000,1116,1533,0.000,1116,1533,0.000,1116,1533,0.000,1116,1533,0.000,1116,1533,0.000,1114,1759,0.000,1113,1939,0.000,1111,2428,0.000,1111,2428,0.000,1109,3360,0.000,1104,7004,0.000
02501,multilang,NO_strings+NO_comments,camel+underscore+bpe_1k,separators,NO_tabs+NO_newlines,1420,1759204318,1298,122,0.000,1246,226,0.000,1224,292,0.000,1209,352,0.000,1155,683,0.000,1136,910,0.000,1127,1070,0.000,1120,1216,0.000,1119,1244,0.000,1118,1276,0.000,1118,1276,0.000,1117,1319,0.000,1117,1319,0.000,1117,1319,0.000,1116,1378,0.000,1116,1378,0.000,1116,1378,0.000,1116,1378,0.000,1114,1533,0.000,1114,1533,0.000,1114,1533,0.000,1114,1533,0.000,1114,1533,0.000,1112,1759,0.000,1111,1939,0.000,1109,2428,0.000,1109,2428,0.000,1107,3360,0.000,1102,7004,0.000
02510,multilang,NO_strings+NO_comments,camel+underscore+bpe_1k,boundaries,tabs+newlines,1422,2246233360,1300,122,0.000,1248,226,0.000,1226,292,0.000,1211,352,0.000,1157,683,0.000,1138,910,0.000,1129,1070,0.000,1122,1216,0.000,1121,1244,0.000,1120,1276,0.000,1120,1276,0.000,1119,1319,0.000,1119,1319,0.000,1119,1319,0.000,1118,1378,0.000,1118,1378,0.000,1118,1378,0.000,1118,1378,0.000,1116,1533,0.000,1116,1533,0.000,1116,1533,0.000,1116,1533,0.000,1116,1533,0.000,1114,1759,0.000,1113,1939,0.000,1111,2428,0.000,1111,2428,0.000,1109,3360,0.000,1104,7004,0.000
02511,multilang,NO_strings+NO_comments,camel+underscore+bpe_1k,boundaries,NO_tabs+NO_newlines,1420,1845076914,1298,122,0.000,1246,226,0.000,1224,292,0.000,1209,352,0.000,1155,683,0.000,1136,910,0.000,1127,1070,0.000,1120,1216,0.000,1119,1244,0.000,1118,1276,0.000,1118,1276,0.000,1117,1319,0.000,1117,1319,0.000,1117,1319,0.000,1116,1378,0.000,1116,1378,0.000,1116,1378,0.000,1116,1378,0.000,1114,1533,0.000,1114,1533,0.000,1114,1533,0.000,1114,1533,0.000,1114,1533,0.000,1112,1759,0.000,1111,1939,0.000,1109,2428,0.000,1109,2428,0.000,1107,3360,0.000,1102,7004,0.000
02600,multilang,NO_strings+NO_comments,camel+underscore+bpe_10k,separators,tabs+newlines,10335,1718446355,10200,135,0.000,10139,257,0.000,10101,371,0.000,10079,459,0.000,9989,1045,0.000,9949,1523,0.000,9917,2075,0.000,9898,2484,0.000,9879,3002,0.000,9858,3665,0.000,9842,4253,0.000,9819,5220,0.000,9806,5827,0.000,9795,6397,0.000,9783,7091,0.000,9772,7778,0.000,9760,8585,0.001,9750,9313,0.001,9740,10084,0.001,9732,10741,0.001,9721,11698,0.001,9714,12349,0.001,9704,13314,0.001,9620,23758,0.001,9549,35802,0.002,9423,66986,0.004,9331,98897,0.006,9227,145320,0.008,8845,429978,0.025
02601,multilang,NO_strings+NO_comments,camel+underscore+bpe_10k,separators,NO_tabs+NO_newlines,10333,1317142604,10198,135,0.000,10137,257,0.000,10099,371,0.000,10077,459,0.000,9987,1045,0.000,9947,1523,0.000,9915,2075,0.000,9896,2484,0.000,9877,3002,0.000,9856,3665,0.000,9840,4253,0.000,9817,5220,0.000,9804,5827,0.000,9793,6397,0.000,9781,7091,0.001,9770,7778,0.001,9758,8585,0.001,9748,9313,0.001,9738,10084,0.001,9730,10741,0.001,9719,11698,0.001,9712,12349,0.001,9702,13314,0.001,9618,23758,0.002,9547,35802,0.003,9421,66986,0.005,9329,98897,0.008,9225,145320,0.011,8843,429978,0.033
02610,multilang,NO_strings+NO_comments,camel+underscore+bpe_10k,boundaries,tabs+newlines,10335,1936375436,10200,135,0.000,10139,257,0.000,10101,371,0.000,10079,459,0.000,9989,1045,0.000,9949,1523,0.000,9917,2075,0.000,9898,2484,0.000,9879,3002,0.000,9858,3665,0.000,9842,4253,0.000,9819,5220,0.000,9806,5827,0.000,9795,6397,0.000,9783,7091,0.000,9772,7778,0.000,9760,8585,0.000,9750,9313,0.000,9740,10084,0.001,9732,10741,0.001,9721,11698,0.001,9714,12349,0.001,9704,13314,0.001,9620,23758,0.001,9549,35802,0.002,9423,66986,0.003,9331,98897,0.005,9227,145320,0.008,8845,429978,0.022
02611,multilang,NO_strings+NO_comments,camel+underscore+bpe_10k,boundaries,NO_tabs+NO_newlines,10333,1535071685,10198,135,0.000,10137,257,0.000,10099,371,0.000,10077,459,0.000,9987,1045,0.000,9947,1523,0.000,9915,2075,0.000,9896,2484,0.000,9877,3002,0.000,9856,3665,0.000,9840,4253,0.000,9817,5220,0.000,9804,5827,0.000,9793,6397,0.000,9781,7091,0.000,9770,7778,0.001,9758,8585,0.001,9748,9313,0.001,9738,10084,0.001,9730,10741,0.001,9719,11698,0.001,9712,12349,0.001,9702,13314,0.001,9618,23758,0.002,9547,35802,0.002,9421,66986,0.004,9329,98897,0.006,9225,145320,0.009,8843,429978,0.028
10100,en_only,strings+comments,camel+underscore,separators,tabs+newlines,1130397,2368807519,693548,436849,0.018,496911,830123,0.035,417927,1067075,0.045,356481,1312859,0.055,209229,2263080,0.096,158121,2863158,0.121,130538,3325492,0.141,114670,3672100,0.155,104147,3954892,0.167,96132,4210439,0.178,89975,4437511,0.188,84538,4665486,0.197,79495,4902312,0.207,74941,5138873,0.217,71098,5357737,0.226,67680,5569377,0.235,64813,5761350,0.244,61919,5969446,0.252,59629,6145582,0.260,57428,6325954,0.267,55513,6492540,0.274,53727,6656798,0.281,52028,6821548,0.288,40256,8254523,0.349,34009,9328453,0.394,27600,10887786,0.460,23831,12192675,0.515,21413,13274559,0.561,15139,17713923,0.749
10101,en_only,strings+comments,camel+underscore,separators,NO_tabs+NO_newlines,1130395,1900818853,693546,436849,0.023,496909,830123,0.044,417925,1067075,0.056,356479,1312859,0.069,209227,2263080,0.119,158119,2863158,0.151,130536,3325492,0.175,114668,3672100,0.194,104145,3954892,0.208,96130,4210439,0.222,89973,4437511,0.234,84536,4665486,0.246,79493,4902312,0.258,74939,5138873,0.271,71096,5357737,0.282,67678,5569377,0.293,64811,5761350,0.304,61917,5969446,0.315,59627,6145582,0.324,57426,6325954,0.333,55511,6492540,0.342,53725,6656798,0.351,52026,6821548,0.359,40254,8254523,0.435,34007,9328453,0.492,27598,10887786,0.574,23829,12192675,0.642,21411,13274559,0.700,15137,17713923,0.933
10110,en_only,strings+comments,camel+underscore,boundaries,tabs+newlines,1130397,2637612271,693548,436849,0.017,496911,830123,0.032,417927,1067075,0.041,356482,1312855,0.050,209230,2263076,0.086,158122,2863154,0.109,130539,3325488,0.126,114671,3672096,0.139,104148,3954888,0.150,96133,4210435,0.160,89976,4437507,0.168,84539,4665482,0.177,79496,4902308,0.186,74942,5138869,0.195,71099,5357733,0.203,67681,5569373,0.211,64814,5761346,0.219,61920,5969442,0.227,59630,6145578,0.233,57429,6325950,0.240,55514,6492536,0.246,53728,6656794,0.253,52029,6821544,0.259,40257,8254519,0.313,34010,9328449,0.354,27601,10887782,0.413,23832,12192671,0.463,21414,13274555,0.504,15140,17713919,0.672
10111,en_only,strings+comments,camel+underscore,boundaries,NO_tabs+NO_newlines,1130401,2169656035,693559,436842,0.020,496921,830118,0.038,417937,1067070,0.049,356492,1312850,0.061,209238,2263079,0.104,158131,2863142,0.132,130552,3325403,0.153,114683,3672033,0.169,104163,3954737,0.183,96145,4210377,0.194,89987,4437488,0.205,84548,4665542,0.215,79504,4902413,0.226,74952,5138868,0.237,71108,5357787,0.247,67689,5569490,0.257,64820,5761598,0.266,61927,5969626,0.276,59637,6145765,0.284,57437,6326055,0.292,55522,6492642,0.300,53736,6656900,0.307,52037,6821652,0.315,40268,8254252,0.381,34017,9328943,0.431,27602,10889649,0.503,23834,12194178,0.563,21412,13277989,0.613,15141,17715763,0.818
10200,en_only,strings+comments,camel+underscore+numbers,separators,tabs+newlines,678920,2445021017,454981,223939,0.009,349260,435381,0.018,296167,594660,0.024,254664,760672,0.031,170987,1313920,0.054,136589,1717673,0.070,116371,2058865,0.084,103260,2345313,0.096,93927,2596299,0.106,86488,2833646,0.116,80371,3059326,0.125,74989,3284983,0.135,70423,3499318,0.143,66421,3707114,0.152,62861,3909955,0.160,59685,4106782,0.168,57010,4285808,0.176,54377,4475153,0.183,52341,4631723,0.190,50451,4786543,0.196,48798,4930293,0.202,47287,5069233,0.208,45865,5207071,0.213,36646,6325655,0.259,31616,7191340,0.294,26097,8535118,0.350,22645,9731677,0.399,20353,10757673,0.441,14111,15161647,0.621
10201,en_only,strings+comments,camel+underscore+numbers,separators,NO_tabs+NO_newlines,678918,1977032351,454979,223939,0.011,349258,435381,0.022,296165,594660,0.030,254662,760672,0.039,170985,1313920,0.067,136587,1717673,0.087,116369,2058865,0.104,103258,2345313,0.119,93925,2596299,0.132,86486,2833646,0.144,80369,3059326,0.155,74987,3284983,0.166,70421,3499318,0.177,66419,3707114,0.188,62859,3909955,0.198,59683,4106782,0.208,57008,4285808,0.217,54375,4475153,0.227,52339,4631723,0.235,50449,4786543,0.242,48796,4930293,0.250,47285,5069233,0.257,45863,5207071,0.264,36644,6325655,0.320,31614,7191340,0.364,26095,8535118,0.432,22643,9731677,0.493,20351,10757673,0.545,14109,15161647,0.768
10210,en_only,strings+comments,camel+underscore+numbers,boundaries,tabs+newlines,678920,2703256404,454981,223939,0.008,349260,435381,0.016,296167,594660,0.022,254665,760668,0.028,170988,1313916,0.049,136590,1717669,0.064,116372,2058861,0.076,103261,2345309,0.087,93928,2596295,0.096,86489,2833642,0.105,80371,3059358,0.113,74989,3285015,0.122,70423,3499350,0.130,66421,3707146,0.137,62861,3909987,0.145,59685,4106814,0.152,57010,4285840,0.159,54377,4475185,0.166,52341,4631755,0.172,50451,4786575,0.177,48798,4930325,0.183,47287,5069265,0.188,45865,5207103,0.193,36646,6325687,0.234,31616,7191372,0.266,26097,8535150,0.316,22645,9731709,0.360,20353,10757705,0.398,14111,15161679,0.562
10211,en_only,strings+comments,camel+underscore+numbers,boundaries,NO_tabs+NO_newlines,678918,2235267738,454979,223939,0.010,349258,435381,0.020,296165,594660,0.027,254663,760668,0.034,170986,1313916,0.059,136588,1717669,0.077,116370,2058861,0.092,103259,2345309,0.105,93926,2596295,0.116,86487,2833642,0.127,80369,3059358,0.137,74987,3285015,0.147,70421,3499350,0.157,66419,3707146,0.166,62859,3909987,0.175,59683,4106814,0.184,57008,4285840,0.192,54375,4475185,0.200,52339,4631755,0.208,50449,4786575,0.214,48796,4930325,0.221,47285,5069265,0.227,45863,5207103,0.233,36644,6325687,0.283,31614,7191372,0.322,26095,8535150,0.382,22643,9731709,0.436,20351,10757705,0.482,14109,15161679,0.679
10400,en_only,strings+comments,camel+underscore+bpe_5k,separators,tabs+newlines,5141,2541239993,5136,5,0.000,5131,15,0.000,5127,27,0.000,5125,35,0.000,5122,62,0.000,5117,119,0.000,5116,136,0.000,5114,182,0.000,5113,210,0.000,5108,368,0.000,5108,368,0.000,5106,450,0.000,5105,498,0.000,5104,551,0.000,5103,607,0.000,5103,607,0.000,5100,805,0.000,5098,949,0.000,5098,949,0.000,5096,1109,0.000,5095,1196,0.000,5094,1290,0.000,5092,1482,0.000,5083,2568,0.000,5079,3281,0.000,5064,7101,0.000,5053,10920,0.000,5047,13585,0.001,4999,48265,0.002
10401,en_only,strings+comments,camel+underscore+bpe_5k,separators,NO_tabs+NO_newlines,5139,2073251327,5134,5,0.000,5129,15,0.000,5125,27,0.000,5123,35,0.000,5120,62,0.000,5115,119,0.000,5114,136,0.000,5112,182,0.000,5111,210,0.000,5106,368,0.000,5106,368,0.000,5104,450,0.000,5103,498,0.000,5102,551,0.000,5101,607,0.000,5101,607,0.000,5098,805,0.000,5096,949,0.000,5096,949,0.000,5094,1109,0.000,5093,1196,0.000,5092,1290,0.000,5090,1482,0.000,5081,2568,0.000,5077,3281,0.000,5062,7101,0.000,5051,10920,0.001,5045,13585,0.001,4997,48265,0.002
10410,en_only,strings+comments,camel+underscore+bpe_5k,boundaries,tabs+newlines,5141,2796976120,5136,5,0.000,5131,15,0.000,5127,27,0.000,5126,31,0.000,5123,58,0.000,5118,115,0.000,5117,132,0.000,5115,178,0.000,5114,206,0.000,5109,364,0.000,5108,400,0.000,5106,482,0.000,5105,530,0.000,5104,583,0.000,5103,639,0.000,5103,639,0.000,5100,837,0.000,5098,981,0.000,5098,981,0.000,5096,1141,0.000,5095,1228,0.000,5094,1322,0.000,5092,1514,0.000,5083,2600,0.000,5079,3313,0.000,5064,7133,0.000,5053,10952,0.000,5047,13617,0.000,4999,48297,0.002
10411,en_only,strings+comments,camel+underscore+bpe_5k,boundaries,NO_tabs+NO_newlines,5139,2328987454,5134,5,0.000,5129,15,0.000,5125,27,0.000,5124,31,0.000,5121,58,0.000,5116,115,0.000,5115,132,0.000,5113,178,0.000,5112,206,0.000,5107,364,0.000,5106,400,0.000,5104,482,0.000,5103,530,0.000,5102,583,0.000,5101,639,0.000,5101,639,0.000,5098,837,0.000,5096,981,0.000,5096,981,0.000,5094,1141,0.000,5093,1228,0.000,5092,1322,0.000,5090,1514,0.000,5081,2600,0.000,5077,3313,0.000,5062,7133,0.000,5051,10952,0.000,5045,13617,0.001,4997,48297,0.002
10500,en_only,strings+comments,camel+underscore+bpe_1k,separators,tabs+newlines,1143,3204397941,1138,5,0.000,1133,15,0.000,1129,27,0.000,1128,31,0.000,1126,49,0.000,1123,82,0.000,1123,82,0.000,1123,82,0.000,1123,82,0.000,1121,146,0.000,1121,146,0.000,1121,146,0.000,1121,146,0.000,1121,146,0.000,1121,146,0.000,1121,146,0.000,1121,146,0.000,1121,146,0.000,1121,146,0.000,1121,146,0.000,1121,146,0.000,1121,146,0.000,1121,146,0.000,1120,265,0.000,1119,457,0.000,1117,974,0.000,1117,974,0.000,1117,974,0.000,1113,3759,0.000
10501,en_only,strings+comments,camel+underscore+bpe_1k,separators,NO_tabs+NO_newlines,1141,2736409275,1136,5,0.000,1131,15,0.000,1127,27,0.000,1126,31,0.000,1124,49,0.000,1121,82,0.000,1121,82,0.000,1121,82,0.000,1121,82,0.000,1119,146,0.000,1119,146,0.000,1119,146,0.000,1119,146,0.000,1119,146,0.000,1119,146,0.000,1119,146,0.000,1119,146,0.000,1119,146,0.000,1119,146,0.000,1119,146,0.000,1119,146,0.000,1119,146,0.000,1119,146,0.000,1118,265,0.000,1117,457,0.000,1115,974,0.000,1115,974,0.000,1115,974,0.000,1111,3759,0.000
10510,en_only,strings+comments,camel+underscore+bpe_1k,boundaries,tabs+newlines,1143,3329928056,1138,5,0.000,1133,15,0.000,1129,27,0.000,1129,27,0.000,1127,45,0.000,1124,78,0.000,1124,78,0.000,1124,78,0.000,1124,78,0.000,1122,142,0.000,1121,178,0.000,1121,178,0.000,1121,178,0.000,1121,178,0.000,1121,178,0.000,1121,178,0.000,1121,178,0.000,1121,178,0.000,1121,178,0.000,1121,178,0.000,1121,178,0.000,1121,178,0.000,1121,178,0.000,1120,297,0.000,1119,489,0.000,1117,1006,0.000,1117,1006,0.000,1117,1006,0.000,1113,3791,0.000
10511,en_only,strings+comments,camel+underscore+bpe_1k,boundaries,NO_tabs+NO_newlines,1141,2861939390,1136,5,0.000,1131,15,0.000,1127,27,0.000,1127,27,0.000,1125,45,0.000,1122,78,0.000,1122,78,0.000,1122,78,0.000,1122,78,0.000,1120,142,0.000,1119,178,0.000,1119,178,0.000,1119,178,0.000,1119,178,0.000,1119,178,0.000,1119,178,0.000,1119,178,0.000,1119,178,0.000,1119,178,0.000,1119,178,0.000,1119,178,0.000,1119,178,0.000,1119,178,0.000,1118,297,0.000,1117,489,0.000,1115,1006,0.000,1115,1006,0.000,1115,1006,0.000,1111,3791,0.000
10600,en_only,strings+comments,camel+underscore+bpe_10k,separators,tabs+newlines,10137,2454475663,10127,10,0.000,10118,28,0.000,10110,52,0.000,10105,72,0.000,10091,177,0.000,10078,331,0.000,10075,385,0.000,10067,561,0.000,10060,745,0.000,10051,1034,0.000,10044,1296,0.000,10037,1589,0.000,10029,1967,0.000,10026,2124,0.000,10021,2405,0.000,10019,2532,0.000,10012,2996,0.000,10007,3356,0.000,10000,3895,0.000,9993,4465,0.000,9992,4552,0.000,9990,4739,0.000,9980,5702,0.000,9951,9171,0.000,9926,13451,0.001,9880,25105,0.001,9824,44828,0.002,9788,60957,0.002,9620,181743,0.007
10601,en_only,strings+comments,camel+underscore+bpe_10k,separators,NO_tabs+NO_newlines,10132,1986485275,10123,9,0.000,10114,27,0.000,10106,51,0.000,10101,71,0.000,10087,176,0.000,10074,330,0.000,10071,384,0.000,10063,560,0.000,10056,744,0.000,10047,1033,0.000,10040,1295,0.000,10033,1588,0.000,10026,1918,0.000,10023,2075,0.000,10018,2356,0.000,10016,2483,0.000,10009,2947,0.000,10004,3307,0.000,9997,3846,0.000,9990,4416,0.000,9989,4503,0.000,9987,4690,0.000,9977,5653,0.000,9948,9122,0.000,9923,13402,0.001,9877,25056,0.001,9822,44391,0.002,9786,60520,0.003,9618,181306,0.009
10610,en_only,strings+comments,camel+underscore+bpe_10k,boundaries,tabs+newlines,10134,2719546556,10125,9,0.000,10116,27,0.000,10108,51,0.000,10104,67,0.000,10090,172,0.000,10077,326,0.000,10074,380,0.000,10066,556,0.000,10059,740,0.000,10050,1029,0.000,10042,1327,0.000,10035,1620,0.000,10028,1950,0.000,10025,2107,0.000,10020,2388,0.000,10018,2515,0.000,10011,2979,0.000,10006,3339,0.000,9999,3878,0.000,9992,4448,0.000,9991,4535,0.000,9989,4722,0.000,9979,5685,0.000,9950,9154,0.000,9925,13434,0.000,9879,25088,0.001,9824,44423,0.002,9788,60552,0.002,9620,181338,0.007
10611,en_only,strings+comments,camel+underscore+bpe_10k,boundaries,NO_tabs+NO_newlines,10132,2251557890,10123,9,0.000,10114,27,0.000,10106,51,0.000,10102,67,0.000,10088,172,0.000,10075,326,0.000,10072,380,0.000,10064,556,0.000,10057,740,0.000,10048,1029,0.000,10040,1327,0.000,10033,1620,0.000,10026,1950,0.000,10023,2107,0.000,10018,2388,0.000,10016,2515,0.000,10009,2979,0.000,10004,3339,0.000,9997,3878,0.000,9990,4448,0.000,9989,4535,0.000,9987,4722,0.000,9977,5685,0.000,9948,9154,0.000,9923,13434,0.001,9877,25088,0.001,9822,44423,0.002,9786,60552,0.003,9618,181338,0.008
11100,en_only,strings+NO_comments,camel+underscore,separators,tabs+newlines,894962,2241526711,561382,333580,0.015,414333,627678,0.028,349201,823074,0.037,302581,1009554,0.045,179448,1799680,0.080,135981,2309161,0.103,112535,2700746,0.121,98373,3010309,0.134,88721,3269650,0.146,81338,3504828,0.157,75744,3711112,0.166,70972,3911282,0.175,66521,4120315,0.184,62554,4326239,0.193,59440,4503515,0.201,56771,4668786,0.209,54530,4818892,0.215,52330,4977197,0.222,50422,5124052,0.229,48693,5265706,0.235,47171,5398106,0.241,45772,5526764,0.247,44447,5655252,0.253,35885,6697212,0.299,30980,7544175,0.337,25414,8908263,0.398,21849,10142517,0.453,19443,11218312,0.501,13715,15249412,0.681
11101,en_only,strings+NO_comments,camel+underscore,separators,NO_tabs+NO_newlines,894960,1774294947,561380,333580,0.019,414331,627678,0.035,349199,823074,0.046,302579,1009554,0.057,179446,1799680,0.102,135979,2309161,0.130,112533,2700746,0.152,98371,3010309,0.170,88719,3269650,0.185,81336,3504828,0.198,75742,3711112,0.210,70970,3911282,0.221,66519,4120315,0.233,62552,4326239,0.244,59438,4503515,0.254,56769,4668786,0.264,54528,4818892,0.272,52328,4977197,0.281,50420,5124052,0.289,48691,5265706,0.297,47169,5398106,0.305,45770,5526764,0.312,44445,5655252,0.319,35883,6697212,0.378,30978,7544175,0.426,25412,8908263,0.503,21847,10142517,0.573,19441,11218312,0.633,13713,15249412,0.861
11110,en_only,strings+NO_comments,camel+underscore,boundaries,tabs+newlines,894963,2490902955,561383,333580,0.013,414334,627678,0.025,349202,823074,0.033,302582,1009554,0.041,179449,1799680,0.072,135982,2309161,0.093,112536,2700746,0.109,98374,3010309,0.121,88722,3269650,0.131,81339,3504828,0.141,75745,3711112,0.149,70973,3911282,0.157,66522,4120315,0.166,62555,4326239,0.174,59441,4503515,0.181,56772,4668786,0.188,54531,4818892,0.194,52331,4977197,0.200,50423,5124052,0.206,48694,5265706,0.212,47172,5398106,0.217,45773,5526764,0.222,44448,5655252,0.227,35886,6697212,0.269,30981,7544175,0.303,25415,8908263,0.358,21850,10142517,0.408,19444,11218312,0.451,13716,15249412,0.613
11111,en_only,strings+NO_comments,camel+underscore,boundaries,NO_tabs+NO_newlines,894961,2023671191,561381,333580,0.017,414332,627678,0.031,349200,823074,0.041,302580,1009554,0.050,179447,1799680,0.089,135980,2309161,0.114,112534,2700746,0.134,98372,3010309,0.149,88720,3269650,0.162,81337,3504828,0.173,75743,3711112,0.184,70971,3911282,0.194,66520,4120315,0.204,62553,4326239,0.214,59439,4503515,0.223,56770,4668786,0.231,54529,4818892,0.238,52329,4977197,0.246,50421,5124052,0.254,48692,5265706,0.261,47170,5398106,0.267,45771,5526764,0.274,44446,5655252,0.280,35884,6697212,0.331,30979,7544175,0.373,25413,8908263,0.441,21848,10142517,0.502,19442,11218312,0.555,13714,15249412,0.755
11200,en_only,strings+NO_comments,camel+underscore+numbers,separators,tabs+newlines,492835,2307654731,342556,150279,0.007,275205,284981,0.012,233387,410435,0.018,204217,527115,0.023,138360,961898,0.042,109818,1295619,0.056,93535,1568876,0.068,82806,1803166,0.078,75302,2004868,0.087,69268,2197194,0.095,64589,2369686,0.103,60807,2528134,0.110,57551,2680884,0.116,54718,2827867,0.123,52355,2962421,0.129,50242,3093396,0.134,48414,3215771,0.140,46710,3338330,0.145,45255,3450339,0.150,43942,3557938,0.154,42768,3660066,0.159,41648,3763070,0.163,40554,3869133,0.168,32980,4792284,0.208,28538,5559853,0.241,23495,6793712,0.295,20361,7878381,0.342,18219,8836962,0.383,12972,12541458,0.544
11210,en_only,strings+NO_comments,camel+underscore+numbers,boundaries,tabs+newlines,492836,2547351953,342557,150279,0.006,275206,284981,0.011,233388,410435,0.016,204218,527115,0.021,138361,961898,0.038,109819,1295619,0.051,93536,1568876,0.062,82806,1803190,0.071,75302,2004892,0.079,69268,2197218,0.086,64589,2369710,0.093,60807,2528158,0.099,57551,2680908,0.105,54718,2827891,0.111,52355,2962445,0.116,50242,3093420,0.122,48414,3215795,0.126,46710,3338354,0.131,45255,3450363,0.136,43942,3557962,0.140,42768,3660090,0.144,41648,3763094,0.148,40554,3869157,0.152,32980,4792308,0.188,28538,5559877,0.219,23495,6793736,0.267,20361,7878405,0.310,18219,8836986,0.347,12972,12541482,0.493
11211,en_only,strings+NO_comments,camel+underscore+numbers,boundaries,NO_tabs+NO_newlines,492834,2080120189,342555,150279,0.007,275204,284981,0.014,233386,410435,0.020,204216,527115,0.025,138359,961898,0.046,109817,1295619,0.062,93534,1568876,0.076,82804,1803190,0.087,75300,2004892,0.097,69266,2197218,0.106,64587,2369710,0.114,60805,2528158,0.122,57549,2680908,0.129,54716,2827891,0.136,52353,2962445,0.143,50240,3093420,0.149,48412,3215795,0.155,46708,3338354,0.161,45253,3450363,0.166,43940,3557962,0.171,42766,3660090,0.176,41646,3763094,0.181,40552,3869157,0.186,32978,4792308,0.231,28536,5559877,0.268,23493,6793736,0.327,20359,7878405,0.379,18217,8836986,0.425,12970,12541482,0.604
11400,en_only,strings+NO_comments,camel+underscore+bpe_5k,separators,tabs+newlines,5131,2391187229,5125,6,0.000,5124,8,0.000,5122,14,0.000,5120,22,0.000,5116,49,0.000,5112,93,0.000,5111,110,0.000,5108,179,0.000,5104,285,0.000,5102,349,0.000,5101,385,0.000,5101,385,0.000,5100,430,0.000,5098,530,0.000,5095,697,0.000,5094,758,0.000,5090,1020,0.000,5089,1091,0.000,5087,1245,0.000,5086,1326,0.000,5085,1414,0.000,5084,1508,0.000,5083,1607,0.000,5075,2607,0.000,5072,3118,0.000,5055,7421,0.000,5044,11372,0.000,5036,14808,0.001,4988,48457,0.002
11401,en_only,strings+NO_comments,camel+underscore+bpe_5k,separators,NO_tabs+NO_newlines,5129,1923955465,5123,6,0.000,5122,8,0.000,5120,14,0.000,5118,22,0.000,5114,49,0.000,5110,93,0.000,5109,110,0.000,5106,179,0.000,5102,285,0.000,5100,349,0.000,5099,385,0.000,5099,385,0.000,5098,430,0.000,5096,530,0.000,5093,697,0.000,5092,758,0.000,5088,1020,0.000,5087,1091,0.000,5085,1245,0.000,5084,1326,0.000,5083,1414,0.000,5082,1508,0.000,5081,1607,0.000,5073,2607,0.000,5070,3118,0.000,5053,7421,0.000,5042,11372,0.001,5034,14808,0.001,4986,48457,0.003
11410,en_only,strings+NO_comments,camel+underscore+bpe_5k,boundaries,tabs+newlines,5132,2629976118,5126,6,0.000,5125,8,0.000,5123,14,0.000,5121,22,0.000,5117,49,0.000,5113,93,0.000,5112,110,0.000,5108,203,0.000,5104,309,0.000,5102,373,0.000,5101,409,0.000,5101,409,0.000,5100,454,0.000,5098,554,0.000,5095,721,0.000,5094,782,0.000,5090,1044,0.000,5089,1115,0.000,5087,1269,0.000,5086,1350,0.000,5085,1438,0.000,5084,1532,0.000,5083,1631,0.000,5075,2631,0.000,5072,3142,0.000,5055,7445,0.000,5044,11396,0.000,5036,14832,0.001,4988,48481,0.002
11411,en_only,strings+NO_comments,camel+underscore+bpe_5k,boundaries,NO_tabs+NO_newlines,5130,2162744354,5124,6,0.000,5123,8,0.000,5121,14,0.000,5119,22,0.000,5115,49,0.000,5111,93,0.000,5110,110,0.000,5106,203,0.000,5102,309,0.000,5100,373,0.000,5099,409,0.000,5099,409,0.000,5098,454,0.000,5096,554,0.000,5093,721,0.000,5092,782,0.000,5088,1044,0.000,5087,1115,0.000,5085,1269,0.000,5084,1350,0.000,5083,1438,0.000,5082,1532,0.000,5081,1631,0.000,5073,2631,0.000,5070,3142,0.000,5053,7445,0.000,5042,11396,0.001,5034,14832,0.001,4986,48481,0.002
11500,en_only,strings+NO_comments,camel+underscore+bpe_1k,separators,tabs+newlines,1133,3005467029,1127,6,0.000,1126,8,0.000,1124,14,0.000,1124,14,0.000,1122,28,0.000,1120,51,0.000,1120,51,0.000,1119,74,0.000,1119,74,0.000,1119,74,0.000,1119,74,0.000,1119,74,0.000,1119,74,0.000,1119,74,0.000,1119,74,0.000,1119,74,0.000,1119,74,0.000,1119,74,0.000,1119,74,0.000,1119,74,0.000,1119,74,0.000,1119,74,0.000,1119,74,0.000,1119,74,0.000,1118,240,0.000,1116,735,0.000,1116,735,0.000,1116,735,0.000,1113,2897,0.000
11501,en_only,strings+NO_comments,camel+underscore+bpe_1k,separators,NO_tabs+NO_newlines,1131,2538235265,1125,6,0.000,1124,8,0.000,1122,14,0.000,1122,14,0.000,1120,28,0.000,1118,51,0.000,1118,51,0.000,1117,74,0.000,1117,74,0.000,1117,74,0.000,1117,74,0.000,1117,74,0.000,1117,74,0.000,1117,74,0.000,1117,74,0.000,1117,74,0.000,1117,74,0.000,1117,74,0.000,1117,74,0.000,1117,74,0.000,1117,74,0.000,1117,74,0.000,1117,74,0.000,1117,74,0.000,1116,240,0.000,1114,735,0.000,1114,735,0.000,1114,735,0.000,1111,2897,0.000
11510,en_only,strings+NO_comments,camel+underscore+bpe_1k,boundaries,tabs+newlines,1134,3122637294,1128,6,0.000,1127,8,0.000,1125,14,0.000,1125,14,0.000,1123,28,0.000,1121,51,0.000,1121,51,0.000,1119,98,0.000,1119,98,0.000,1119,98,0.000,1119,98,0.000,1119,98,0.000,1119,98,0.000,1119,98,0.000,1119,98,0.000,1119,98,0.000,1119,98,0.000,1119,98,0.000,1119,98,0.000,1119,98,0.000,1119,98,0.000,1119,98,0.000,1119,98,0.000,1119,98,0.000,1118,264,0.000,1116,759,0.000,1116,759,0.000,1116,759,0.000,1113,2921,0.000
11511,en_only,strings+NO_comments,camel+underscore+bpe_1k,boundaries,NO_tabs+NO_newlines,1132,2655405530,1126,6,0.000,1125,8,0.000,1123,14,0.000,1123,14,0.000,1121,28,0.000,1119,51,0.000,1119,51,0.000,1117,98,0.000,1117,98,0.000,1117,98,0.000,1117,98,0.000,1117,98,0.000,1117,98,0.000,1117,98,0.000,1117,98,0.000,1117,98,0.000,1117,98,0.000,1117,98,0.000,1117,98,0.000,1117,98,0.000,1117,98,0.000,1117,98,0.000,1117,98,0.000,1117,98,0.000,1116,264,0.000,1114,759,0.000,1114,759,0.000,1114,759,0.000,1111,2921,0.000
11600,en_only,strings+NO_comments,camel+underscore+bpe_10k,separators,tabs+newlines,10113,2313208073,10099,14,0.000,10095,22,0.000,10091,34,0.000,10083,66,0.000,10071,151,0.000,10057,306,0.000,10050,421,0.000,10042,600,0.000,10036,758,0.000,10021,1240,0.000,10019,1311,0.000,10011,1649,0.000,10004,1977,0.000,9995,2448,0.000,9987,2896,0.000,9979,3394,0.000,9973,3791,0.000,9968,4147,0.000,9958,4919,0.000,9954,5242,0.000,9948,5761,0.000,9941,6405,0.000,9938,6697,0.000,9909,10344,0.000,9883,14796,0.001,9829,28377,0.001,9777,46644,0.002,9733,66063,0.003,9548,200668,0.009
11601,en_only,strings+NO_comments,camel+underscore+bpe_10k,separators,NO_tabs+NO_newlines,10111,1845976309,10097,14,0.000,10093,22,0.000,10089,34,0.000,10081,66,0.000,10069,151,0.000,10055,306,0.000,10048,421,0.000,10040,600,0.000,10034,758,0.000,10019,1240,0.000,10017,1311,0.000,10009,1649,0.000,10002,1977,0.000,9993,2448,0.000,9985,2896,0.000,9977,3394,0.000,9971,3791,0.000,9966,4147,0.000,9956,4919,0.000,9952,5242,0.000,9946,5761,0.000,9939,6405,0.000,9936,6697,0.000,9907,10344,0.001,9881,14796,0.001,9827,28377,0.002,9775,46644,0.003,9731,66063,0.004,9546,200668,0.011
11610,en_only,strings+NO_comments,camel+underscore+bpe_10k,boundaries,tabs+newlines,10114,2560522866,10100,14,0.000,10096,22,0.000,10092,34,0.000,10084,66,0.000,10072,151,0.000,10058,306,0.000,10051,421,0.000,10042,624,0.000,10036,782,0.000,10021,1264,0.000,10019,1335,0.000,10011,1673,0.000,10004,2001,0.000,9995,2472,0.000,9987,2920,0.000,9979,3418,0.000,9973,3815,0.000,9968,4171,0.000,9958,4943,0.000,9954,5266,0.000,9948,5785,0.000,9941,6429,0.000,9938,6721,0.000,9909,10368,0.000,9883,14820,0.001,9829,28401,0.001,9777,46668,0.002,9733,66087,0.003,9548,200692,0.008
11611,en_only,strings+NO_comments,camel+underscore+bpe_10k,boundaries,NO_tabs+NO_newlines,10112,2093291102,10098,14,0.000,10094,22,0.000,10090,34,0.000,10082,66,0.000,10070,151,0.000,10056,306,0.000,10049,421,0.000,10040,624,0.000,10034,782,0.000,10019,1264,0.000,10017,1335,0.000,10009,1673,0.000,10002,2001,0.000,9993,2472,0.000,9985,2920,0.000,9977,3418,0.000,9971,3815,0.000,9966,4171,0.000,9956,4943,0.000,9952,5266,0.000,9946,5785,0.000,9939,6429,0.000,9936,6721,0.000,9907,10368,0.000,9881,14820,0.001,9827,28401,0.001,9775,46668,0.002,9731,66087,0.003,9546,200692,0.010
12100,en_only,NO_strings+NO_comments,camel+underscore,separators,tabs+newlines,692038,1662444521,445898,246140,0.015,334932,468072,0.028,282885,624213,0.038,246040,771593,0.046,138646,1457780,0.088,103411,1870240,0.113,85255,2172271,0.131,74416,2409231,0.145,67156,2604070,0.157,61518,2783792,0.168,57286,2939975,0.177,53672,3091190,0.186,50525,3239016,0.195,47877,3376570,0.203,45620,3505126,0.211,43610,3629496,0.219,41996,3737567,0.225,40491,3845822,0.232,39154,3948702,0.238,37956,4046962,0.244,36895,4139197,0.249,35794,4240368,0.255,34827,4334159,0.261,28531,5099568,0.307,24731,5755987,0.347,20084,6894935,0.415,17226,7885875,0.475,15383,8708551,0.525,10884,11895887,0.717
12101,en_only,NO_strings+NO_comments,camel+underscore,separators,NO_tabs+NO_newlines,692036,1261140770,445896,246140,0.020,334930,468072,0.037,282883,624213,0.050,246038,771593,0.061,138644,1457780,0.116,103409,1870240,0.149,85253,2172271,0.173,74414,2409231,0.191,67154,2604070,0.207,61516,2783792,0.221,57284,2939975,0.234,53670,3091190,0.246,50523,3239016,0.257,47875,3376570,0.268,45618,3505126,0.278,43608,3629496,0.288,41994,3737567,0.297,40489,3845822,0.305,39152,3948702,0.314,37954,4046962,0.321,36893,4139197,0.329,35792,4240368,0.337,34825,4334159,0.344,28529,5099568,0.405,24729,5755987,0.457,20082,6894935,0.548,17224,7885875,0.626,15381,8708551,0.692,10882,11895887,0.945
12110,en_only,NO_strings+NO_comments,camel+underscore,boundaries,tabs+newlines,692039,1888481581,445899,246140,0.013,334933,468072,0.025,282886,624213,0.033,246041,771593,0.041,138647,1457780,0.077,103412,1870240,0.099,85256,2172271,0.115,74417,2409231,0.128,67157,2604070,0.138,61519,2783792,0.148,57287,2939975,0.156,53673,3091190,0.164,50526,3239016,0.172,47878,3376570,0.179,45621,3505126,0.186,43611,3629496,0.192,41997,3737567,0.198,40492,3845822,0.204,39155,3948702,0.209,37957,4046962,0.215,36896,4139197,0.219,35795,4240368,0.225,34828,4334159,0.230,28532,5099568,0.270,24732,5755987,0.305,20085,6894935,0.366,17227,7885875,0.418,15384,8708551,0.462,10885,11895887,0.631
12111,en_only,NO_strings+NO_comments,camel+underscore,boundaries,NO_tabs+NO_newlines,692037,1487177830,445897,246140,0.017,334931,468072,0.032,282884,624213,0.042,246039,771593,0.052,138645,1457780,0.098,103410,1870240,0.126,85254,2172271,0.146,74415,2409231,0.162,67155,2604070,0.175,61517,2783792,0.187,57285,2939975,0.198,53671,3091190,0.208,50524,3239016,0.218,47876,3376570,0.227,45619,3505126,0.236,43609,3629496,0.244,41995,3737567,0.252,40490,3845822,0.259,39153,3948702,0.266,37955,4046962,0.273,36894,4139197,0.279,35793,4240368,0.286,34826,4334159,0.292,28530,5099568,0.343,24730,5755987,0.388,20083,6894935,0.464,17225,7885875,0.531,15382,8708551,0.586,10883,11895887,0.801
12200,en_only,NO_strings+NO_comments,camel+underscore+numbers,separators,tabs+newlines,337035,1705237195,256558,80477,0.005,217283,159027,0.009,182868,262272,0.015,161791,346580,0.020,110256,686786,0.040,87956,947588,0.056,75145,1162220,0.068,66324,1354938,0.080,60221,1518934,0.089,55341,1674563,0.098,51615,1812050,0.106,48583,1938987,0.114,45807,2069429,0.122,43576,2185209,0.128,41664,2294107,0.135,39990,2397774,0.141,38596,2491112,0.146,37286,2585371,0.152,36072,2678823,0.157,34982,2768235,0.163,34011,2852626,0.167,32985,2946916,0.173,32109,3031888,0.178,26232,3746230,0.220,22737,4349394,0.255,18664,5346807,0.314,16136,6223197,0.365,14467,6968533,0.409,10278,9937023,0.583
12201,en_only,NO_strings+NO_comments,camel+underscore+numbers,separators,NO_tabs+NO_newlines,336992,1303943314,256533,80459,0.006,217266,158993,0.012,182853,262232,0.020,161776,346540,0.027,110234,686792,0.053,87936,947575,0.073,75121,1162294,0.089,66303,1354949,0.104,60202,1518890,0.117,55320,1674582,0.129,51593,1812103,0.139,48562,1939001,0.149,45786,2069445,0.159,43556,2185169,0.168,41644,2294068,0.176,39972,2397610,0.184,38575,2491147,0.191,37264,2585484,0.199,36051,2678864,0.206,34961,2768276,0.213,33990,2852671,0.219,32961,2947241,0.226,32087,3032023,0.233,26222,3744911,0.288,22725,4348440,0.334,18655,5345161,0.411,16129,6220827,0.478,14462,6965258,0.535,10278,9929309,0.763
12210,en_only,NO_strings+NO_comments,camel+underscore+numbers,boundaries,tabs+newlines,336994,1923556419,256535,80459,0.004,217268,158993,0.008,182855,262232,0.014,161778,346540,0.018,110236,686792,0.036,87938,947575,0.049,75123,1162294,0.060,66305,1354949,0.071,60204,1518890,0.079,55322,1674582,0.087,51595,1812103,0.094,48564,1939001,0.101,45788,2069445,0.108,43558,2185169,0.114,41646,2294068,0.119,39974,2397610,0.125,38577,2491147,0.130,37266,2585484,0.135,36053,2678864,0.139,34963,2768276,0.144,33992,2852671,0.148,32963,2947241,0.153,32089,3032023,0.158,26224,3744911,0.195,22727,4348440,0.226,18657,5345161,0.278,16131,6220827,0.324,14464,6965258,0.363,10280,9929309,0.517
12211,en_only,NO_strings+NO_comments,camel+underscore+numbers,boundaries,NO_tabs+NO_newlines,336992,1522252668,256533,80459,0.005,217266,158993,0.010,182853,262232,0.017,161776,346540,0.023,110234,686792,0.045,87936,947575,0.062,75121,1162294,0.076,66303,1354949,0.089,60202,1518890,0.100,55320,1674582,0.110,51593,1812103,0.119,48562,1939001,0.128,45786,2069445,0.136,43556,2185169,0.144,41644,2294068,0.151,39972,2397610,0.158,38575,2491147,0.164,37264,2585484,0.170,36051,2678864,0.176,34961,2768276,0.182,33990,2852671,0.188,32961,2947241,0.194,32087,3032023,0.199,26222,3744911,0.246,22725,4348440,0.286,18655,5345161,0.352,16129,6220827,0.409,14462,6965258,0.458,10278,9929309,0.653
12400,en_only,NO_strings+NO_comments,camel+underscore+bpe_5k,separators,tabs+newlines,5112,1762718509,5106,6,0.000,5100,18,0.000,5097,27,0.000,5094,39,0.000,5081,123,0.000,5075,191,0.000,5068,320,0.000,5065,386,0.000,5062,464,0.000,5057,624,0.000,5056,659,0.000,5050,912,0.000,5049,957,0.000,5047,1061,0.000,5044,1232,0.000,5043,1295,0.000,5041,1430,0.000,5037,1720,0.000,5035,1872,0.000,5034,1956,0.000,5030,2304,0.000,5028,2488,0.000,5025,2777,0.000,5000,5923,0.000,4982,9015,0.001,4947,17598,0.001,4925,25132,0.001,4895,38462,0.002,4806,104847,0.006
12401,en_only,NO_strings+NO_comments,camel+underscore+bpe_5k,separators,NO_tabs+NO_newlines,5110,1361414758,5104,6,0.000,5098,18,0.000,5095,27,0.000,5092,39,0.000,5079,123,0.000,5073,191,0.000,5066,320,0.000,5063,386,0.000,5060,464,0.000,5055,624,0.000,5054,659,0.000,5048,912,0.000,5047,957,0.000,5045,1061,0.000,5042,1232,0.000,5041,1295,0.000,5039,1430,0.000,5035,1720,0.000,5033,1872,0.000,5032,1956,0.000,5028,2304,0.000,5026,2488,0.000,5023,2777,0.000,4998,5923,0.000,4980,9015,0.001,4945,17598,0.001,4923,25132,0.002,4893,38462,0.003,4804,104847,0.008
12410,en_only,NO_strings+NO_comments,camel+underscore+bpe_5k,boundaries,tabs+newlines,5112,1972676757,5106,6,0.000,5100,18,0.000,5097,27,0.000,5094,39,0.000,5081,123,0.000,5075,191,0.000,5068,320,0.000,5065,386,0.000,5062,464,0.000,5057,624,0.000,5056,659,0.000,5050,912,0.000,5049,957,0.000,5047,1061,0.000,5044,1232,0.000,5043,1295,0.000,5041,1430,0.000,5037,1720,0.000,5035,1872,0.000,5034,1956,0.000,5030,2304,0.000,5028,2488,0.000,5025,2777,0.000,5000,5923,0.000,4982,9015,0.000,4947,17598,0.001,4925,25132,0.001,4895,38462,0.002,4806,104847,0.005
12411,en_only,NO_strings+NO_comments,camel+underscore+bpe_5k,boundaries,NO_tabs+NO_newlines,5110,1571373006,5104,6,0.000,5098,18,0.000,5095,27,0.000,5092,39,0.000,5079,123,0.000,5073,191,0.000,5066,320,0.000,5063,386,0.000,5060,464,0.000,5055,624,0.000,5054,659,0.000,5048,912,0.000,5047,957,0.000,5045,1061,0.000,5042,1232,0.000,5041,1295,0.000,5039,1430,0.000,5035,1720,0.000,5033,1872,0.000,5032,1956,0.000,5028,2304,0.000,5026,2488,0.000,5023,2777,0.000,4998,5923,0.000,4980,9015,0.001,4945,17598,0.001,4923,25132,0.002,4893,38462,0.002,4804,104847,0.007
12500,en_only,NO_strings+NO_comments,camel+underscore+bpe_1k,separators,tabs+newlines,1124,2153170807,1122,2,0.000,1121,4,0.000,1121,4,0.000,1121,4,0.000,1119,17,0.000,1118,29,0.000,1117,48,0.000,1116,70,0.000,1116,70,0.000,1116,70,0.000,1116,70,0.000,1116,70,0.000,1116,70,0.000,1116,70,0.000,1116,70,0.000,1116,70,0.000,1116,70,0.000,1116,70,0.000,1115,147,0.000,1115,147,0.000,1115,147,0.000,1115,147,0.000,1115,147,0.000,1114,261,0.000,1113,441,0.000,1111,930,0.000,1111,930,0.000,1109,1862,0.000,1105,4920,0.000
12501,en_only,NO_strings+NO_comments,camel+underscore+bpe_1k,separators,NO_tabs+NO_newlines,1122,1748788827,1120,2,0.000,1119,4,0.000,1119,4,0.000,1119,4,0.000,1117,17,0.000,1116,29,0.000,1115,48,0.000,1114,70,0.000,1114,70,0.000,1114,70,0.000,1114,70,0.000,1114,70,0.000,1114,70,0.000,1114,70,0.000,1114,70,0.000,1114,70,0.000,1114,70,0.000,1114,70,0.000,1113,147,0.000,1113,147,0.000,1113,147,0.000,1113,147,0.000,1113,147,0.000,1112,261,0.000,1111,441,0.000,1109,930,0.000,1109,930,0.000,1107,1862,0.000,1103,4920,0.000
12510,en_only,NO_strings+NO_comments,camel+underscore+bpe_1k,boundaries,tabs+newlines,1641,2241926481,1582,59,0.000,1528,167,0.000,1483,302,0.000,1437,486,0.000,1344,1094,0.000,1302,1594,0.000,1278,2001,0.000,1256,2468,0.000,1237,2976,0.000,1208,3923,0.000,1198,4293,0.000,1188,4708,0.000,1180,5082,0.000,1174,5385,0.000,1168,5728,0.000,1167,5788,0.000,1166,5855,0.000,1159,6357,0.000,1156,6587,0.000,1154,6754,0.000,1152,6926,0.000,1149,7198,0.000,1148,7293,0.000,1131,9453,0.000,1124,10639,0.000,1118,12124,0.001,1117,12444,0.001,1112,14703,0.001,1107,18917,0.001
12511,en_only,NO_strings+NO_comments,camel+underscore+bpe_1k,boundaries,NO_tabs+NO_newlines,1122,1840630901,1120,2,0.000,1119,4,0.000,1119,4,0.000,1119,4,0.000,1117,17,0.000,1116,29,0.000,1115,48,0.000,1114,70,0.000,1114,70,0.000,1114,70,0.000,1114,70,0.000,1114,70,0.000,1114,70,0.000,1114,70,0.000,1114,70,0.000,1114,70,0.000,1114,70,0.000,1114,70,0.000,1113,147,0.000,1113,147,0.000,1113,147,0.000,1113,147,0.000,1113,147,0.000,1112,261,0.000,1111,441,0.000,1109,930,0.000,1109,930,0.000,1107,1862,0.000,1103,4920,0.000

